mes,uf,tipo_usina,usinas,geracao_verificada_mwh,geracao_programada_mwh,capacidade_mwh,fator_capacidade,fator_capacidade_programado
2024-10-01,BA,Eólica,50,3244007.7909999997,3180136.0,7775127.599999995,0.4172288813626675,0.40901399483141626
2024-10-01,BA,Solar,12,440043.8420000001,444954.5,1725323.798399996,0.25505000418360957,0.2578962281819998
2024-10-01,CE,Eólica,20,889885.484,832640.5,1733721.0288,0.51328066581504,0.48026209878547443
2024-10-01,CE,Solar,9,241403.87099999998,247043.0,917975.4719999989,0.2629742061343446,0.26911721231697605
2024-10-01,PB,Eólica,4,320563.17399999994,349619.5,707573.7599999977,0.4530455934374969,0.49411032427206053
2024-10-01,PB,Solar,3,110394.56800000001,105137.5,434412.67200000084,0.2541237286927021,0.24202217563303446
2024-10-01,PE,Eólica,5,295610.72400000016,291388.0,610165.5600000003,0.4844762526419879,0.4775556326056814
2024-10-01,PE,Solar,5,196698.92699999997,206238.5,711572.4028799958,0.27642854922968757,0.28983487718927375
2024-10-01,PI,Eólica,10,1396974.678,1121341.5,3455024.4000000036,0.404331349439963,0.32455385843295315
2024-10-01,PI,Solar,7,334428.0340000001,330151.5,1510975.7120421508,0.22133250146556344,0.21850218859824397
2024-10-01,RN,Eólica,59,3402898.109000001,3431870.0,7338317.52000001,0.4637163899934377,0.4676644190779027
2024-10-01,RN,Solar,5,263281.135,277251.5,906078.569760001,0.2905720803768011,0.3059905721790081
2024-11-01,BA,Eólica,49,2917675.2999999993,2777810.0,7673255.999999987,0.3802395358632638,0.3620119021182148
2024-11-01,BA,Solar,12,342380.71099999995,384160.0,1669668.1919999956,0.20505913249139793,0.23008164247283033
2024-11-01,CE,Eólica,21,855219.2679999999,835483.5,1739894.5440000005,0.4915351168547602,0.4801920339834112
2024-11-01,CE,Solar,9,253108.009,242234.5,888363.3599999988,0.28491495754620083,0.27267502342735106
2024-11-01,PB,Eólica,4,310425.83199999994,320518.0,684748.799999998,0.4533426447771809,0.4680811415806803
2024-11-01,PB,Solar,3,116274.17799999997,104386.5,420399.3600000007,0.2765802926055829,0.2483031848573695
2024-11-01,PE,Eólica,5,308186.84699999995,303205.0,590482.8000000004,0.5219234954853889,0.5134865909726749
2024-11-01,PE,Solar,5,210226.44899999994,195336.0,688618.454399996,0.3052872714298276,0.28366361481003194
2024-11-01,PI,Eólica,10,1206498.5139999995,1140299.0,3343572.0000000047,0.36084119438731926,0.3410421549169566
2024-11-01,PI,Solar,7,332219.654,306070.5,1462234.560040792,0.2271999739841548,0.2093169648455454
2024-11-01,RN,Eólica,56,3208415.9020000007,3288143.0,7127935.200000006,0.4501185563527567,0.46130371667800757
2024-11-01,RN,Solar,6,251862.24499999997,266949.0,889544.5488000007,0.2831361794524661,0.30009626877047957
2024-12-01,BA,Eólica,46,2999904.882,2762804.5,8113707.599999997,0.36973292973979016,0.34051073026097234
2024-12-01,BA,Solar,12,387081.91500000015,429439.5,1725323.7983999958,0.2243531998799102,0.24890371326138722
2024-12-01,CE,Eólica,21,770357.3670000003,727881.5,1817421.0288,0.4238739151756426,0.4005024088890415
2024-12-01,CE,Solar,9,228294.918,240204.0,917975.4719999989,0.24869391935125723,0.26166712219082067
2024-12-01,PB,Eólica,4,311301.60899999976,295418.5,707573.7599999977,0.4399564068062682,0.4175091230064848
2024-12-01,PB,Solar,3,102745.479,102954.5,434412.67200000084,0.23651584224504346,0.23699699994018544
2024-12-01,PE,Eólica,5,308861.95400000026,306454.0,610165.5600000004,0.5061936861857625,0.5022472917022714
2024-12-01,PE,Solar,5,196214.10100000005,206641.0,711572.4028799959,0.2757472046496593,0.290400525882746
2024-12-01,PI,Eólica,10,1031021.2199999997,866606.5,3455024.400000004,0.29841213856550436,0.2508250014095411
2024-12-01,PI,Solar,7,324529.69,348295.5,1510975.712042151,0.21478153977828252,0.23051032337856914
2024-12-01,RN,Eólica,56,2971821.623000001,2931718.5,7402462.320000005,0.40146393112609574,0.39604639284405
2024-12-01,RN,Solar,6,256210.50500000003,254418.5,988591.6497600005,0.25916717490199315,0.25735449015957695
2025-01-01,BA,Eólica,59,1655112.0650000004,1577409.5,8172567.599999995,0.20252044963201057,0.19301271977242512
2025-01-01,BA,Solar,12,352403.8639999998,360350.0,1725323.7983999955,0.20425375476000895,0.2088593459002744
2025-01-01,CE,Eólica,23,429750.08200000005,431397.5,1813338.6287999996,0.2369938384229937,0.2379023383434361
2025-01-01,CE,Solar,10,201825.71500000005,217966.0,941901.8639999989,0.21427467416074705,0.23141051985432767
2025-01-01,PB,Eólica,4,152723.148,150162.5,707573.7599999977,0.2158406043774157,0.2122216912057345
2025-01-01,PB,Solar,3,94098.19299999996,90418.0,434412.67200000084,0.21661014759716718,0.20813849555475175
2025-01-01,PE,Eólica,6,215556.23399999982,219141.0,610165.5600000003,0.35327499310187177,0.3591500641235797
2025-01-01,PE,Solar,5,155162.86900000012,165824.5,711572.4028799958,0.2180563332304609,0.23303953234955027
2025-01-01,PI,Eólica,15,511393.6109999999,442338.5,3455024.4000000036,0.14801447161993975,0.12802760524643458
2025-01-01,PI,Solar,9,276154.06299999997,287272.5,1510975.7120421508,0.18276538848315801,0.1901238370084311
2025-01-01,RN,Eólica,58,2017463.3239999998,1990286.5,7422994.320000003,0.2717856483554468,0.2681244810652097
2025-01-01,RN,Solar,7,279715.345,250930.0,1162063.0891200022,0.24070581676578381,0.2159349198415916
2025-02-01,BA,Eólica,46,2059008.2659999998,2048839.0,7481284.799999995,0.2752212114689179,0.2738619174075556
2025-02-01,BA,Solar,12,290494.0790000001,301263.0,1558356.9791999953,0.18641048416847938,0.19332091685093722
2025-02-01,CE,Eólica,21,276727.488,350839.5,1641541.5744000014,0.1685778126582913,0.21372562563834854
2025-02-01,CE,Solar,10,203509.97199999992,191929.5,1052452.1279999956,0.1933674383715064,0.18236411414239717
2025-02-01,PB,Eólica,4,266055.8040000002,198308.5,639098.8799999981,0.4162983418152774,0.3102939250965368
2025-02-01,PB,Solar,3,83611.73500000006,74644.0,392372.7360000004,0.2130926217054999,0.19023747868149515
2025-02-01,PE,Eólica,5,195148.936,165680.5,551117.2800000005,0.3540969283343825,0.3006265744380213
2025-02-01,PE,Solar,5,154186.5,157003.0,642710.5574399964,0.23990036917107105,0.24428259063514424
2025-02-01,PI,Eólica,10,1253724.4149999998,1042783.5,3120667.200000006,0.40174883595405414,0.33415402321657306
2025-02-01,PI,Solar,7,246647.2179999999,278278.5,1364752.256038074,0.18072673403451692,0.20390404102196008
2025-02-01,RN,Eólica,56,2649388.918000001,2257772.0,6721330.560000006,0.39417625637504705,0.33591146572026326
2025-02-01,RN,Solar,7,259236.93999999992,244839.5,1093070.8665599984,0.23716389113529673,0.22399233891443288
2025-03-01,BA,Eólica,47,3268129.0330000017,3257692.5,8292231.599999993,0.3941193626333356,0.39286077103779915
2025-03-01,BA,Solar,12,429777.43799999985,460073.0,1725323.7983999958,0.2490995825818668,0.2666589311679671
2025-03-01,CE,Eólica,21,298021.193,253829.0,1817421.0287999997,0.1639802710969931,0.13966439035185882
2025-03-01,CE,Solar,10,270402.79099999997,178425.5,1165214.855999995,0.2320626016803901,0.15312669511656204
2025-03-01,PB,Eólica,4,266840.7190000002,290850.0,707573.7599999977,0.37712071035534317,0.41105255231624327
2025-03-01,PB,Solar,3,113397.80600000001,97182.0,434412.67200000084,0.26103705832964236,0.22370894373909933
2025-03-01,PE,Eólica,5,294893.97399999993,271104.0,610165.5600000003,0.483301571462014,0.4443121961849172
2025-03-01,PE,Solar,5,179926.71399999995,194960.0,711572.4028799959,0.2528579147698396,0.27398476839591446
2025-03-01,PI,Eólica,10,1093794.7199999997,1188040.5,3455024.400000004,0.3165808959265233,0.34385878722014196
2025-03-01,PI,Solar,7,296463.02300000004,322549.5,1510975.712042151,0.19620634576535784,0.21347100249815398
2025-03-01,RN,Eólica,56,2457793.0940000005,2533280.5,7457686.320000002,0.32956509412425916,0.3396871886668464
2025-03-01,RN,Solar,7,313924.62500000023,279007.0,1242070.0411199976,0.252743093873296,0.2246306494506656
2025-04-01,BA,Eólica,46,2900009.315,2451983.5,8078471.999999995,0.3589799302392831,0.30352070292500877
2025-04-01,BA,Solar,12,414946.9129999998,449660.5,1669668.1919999956,0.24852058330401547,0.2693112931985478
2025-04-01,CE,Eólica,21,270840.14599999995,267420.0,1758794.5440000007,0.1539919184557124,0.1520473217933748
2025-04-01,CE,Solar,10,268535.09799999994,213335.0,1127627.2799999951,0.23814171824576744,0.189189286020112
2025-04-01,PB,Eólica,4,209820.4870000001,199167.5,684748.7999999978,0.30641964907423097,0.2908621380570519
2025-04-01,PB,Solar,3,104495.44299999996,102247.0,420399.3600000007,0.24856232654588195,0.24321397634858397
2025-04-01,PE,Eólica,5,221762.09199999995,234877.5,590482.8000000004,0.37556062936972895,0.39777195881065436
2025-04-01,PE,Solar,5,170046.95300000004,192085.0,688618.454399996,0.2469392911465967,0.2789425679382448
2025-04-01,PI,Eólica,10,954092.7719999995,943609.5,3343572.0000000047,0.28535134640438375,0.2822159953486866
2025-04-01,PI,Solar,7,301265.18999999994,331134.5,1462234.560040792,0.20603068634323315,0.22645785365021212
2025-04-01,RN,Eólica,56,2214473.987,2280902.0,7263729.599999998,0.3048673489993351,0.3140125150033119
2025-04-01,RN,Solar,7,326262.00800000003,298838.0,1242801.6336000008,0.26252138650230356,0.24045510717133628
2025-05-01,BA,Eólica,45,4172075.729999999,4262302.0,8401419.599999996,0.4965917581357323,0.5073311657948857
2025-05-01,BA,Solar,12,282403.8460000001,465505.0,1725323.7983999958,0.16368164993834283,0.26980732569254123
2025-05-01,CE,Eólica,21,396444.9419999999,419315.5,1817421.0287999997,0.21813599365126923,0.2307200661570776
2025-05-01,CE,Solar,10,243157.30000000008,228932.5,1165214.855999995,0.20868022643885784,0.19647234913043451
2025-05-01,PB,Eólica,4,289771.53400000016,288715.5,707573.7599999977,0.40952837764928013,0.408035905684237
2025-05-01,PB,Solar,3,90347.31600000002,102520.0,434412.67200000084,0.20797578391083363,0.23599679891474207
2025-05-01,PE,Eólica,5,231002.82600000003,245510.0,610165.5600000003,0.3785904042175044,0.4023662036906834
2025-05-01,PE,Solar,5,124716.08300000003,177976.0,711572.4028799958,0.17526829665572763,0.2501165015389376
2025-05-01,PI,Eólica,10,1961355.875000001,2038952.5,3455024.400000004,0.5676822065279766,0.5901412736766772
2025-05-01,PI,Solar,7,288874.56999999995,364163.0,1510975.712042151,0.19118412539508864,0.24101181580729544
2025-05-01,RN,Eólica,56,2679847.6720000003,3112528.5,7541655.120000001,0.35533946187663906,0.41271159320793754
2025-05-01,RN,Solar,7,286991.42499999993,308335.5,1329666.5371200023,0.21583714186085362,0.23188934322423482
2025-06-01,BA,Eólica,45,3927831.055,4000344.0,8160011.999999995,0.4813511371061712,0.4902375143565968
2025-06-01,BA,Solar,12,291082.33199999994,465033.5,1669668.1919999956,0.17433543586365494,0.27851851177865716
2025-06-01,CE,Eólica,21,500840.8030000001,530567.5,1758794.5440000002,0.2847636778886892,0.3016654229511869
2025-06-01,CE,Solar,10,218615.353,222419.5,1127627.2799999951,0.1938719973145745,0.1972455827780266
2025-06-01,PB,Eólica,4,326628.78999999986,277547.5,684748.7999999978,0.4770052755112545,0.4053274719137892
2025-06-01,PB,Solar,3,84301.92800000001,92756.5,420399.3600000007,0.20052820251676853,0.22063901334198
2025-06-01,PE,Eólica,5,200052.4119999999,211602.5,590482.8000000004,0.3387946473631404,0.3583550613159263
2025-06-01,PE,Solar,5,128699.04399999995,159112.0,688618.454399996,0.18689456138978652,0.23105973850009112
2025-06-01,PI,Eólica,10,2000880.9740000004,2075971.5,3343572.0000000047,0.5984261663873239,0.620884341656168
2025-06-01,PI,Solar,7,275906.2430000001,365445.0,1462234.560040792,0.18868808776637253,0.2499222833235491
2025-06-01,RN,Eólica,56,2721347.651,2857166.0,7301253.600000002,0.3727233431530168,0.39132540198302374
2025-06-01,RN,Solar,7,274702.48399999994,280356.5,1332798.0335999979,0.20610961081478021,0.21035182595725616
2025-07-01,BA,Eólica,46,4184450.106999999,4192489.5,8631999.599999996,0.484760229483792,0.4856915771868203
2025-07-01,BA,Solar,12,281566.05700000015,495519.0,1725323.7983999958,0.1631960663042581,0.28720348056377987
2025-07-01,CE,Eólica,21,529982.7030000001,608608.0,1817421.0287999997,0.2916125072845312,0.3348745229397117
2025-07-01,CE,Solar,10,228482.374,236672.0,1165214.8559999948,0.1960860461257293,0.20311447179145908
2025-07-01,PB,Eólica,4,378883.6090000002,335074.0,707573.7599999977,0.5354687107108118,0.47355345681558497
2025-07-01,PB,Solar,3,82801.87100000004,98012.0,434412.67200000084,0.19060648166359173,0.2256195694033525
2025-07-01,PE,Eólica,5,221246.6210000001,220512.0,610165.5600000004,0.36260096521999696,0.3613969952679726
2025-07-01,PE,Solar,5,111880.08099999995,167741.0,711572.4028799958,0.15722937054216835,0.23573286333349966
2025-07-01,PI,Eólica,10,2120255.768999999,2264901.0,3459116.400000004,0.6129472165203798,0.6547628752822534
2025-07-01,PI,Solar,7,292099.063,396009.0,1510975.7120421508,0.1933181722724154,0.2620882631295087
2025-07-01,RN,Eólica,58,2861320.3919999986,3154312.5,7544628.719999999,0.37925264425735705,0.4180871739437962
2025-07-01,RN,Solar,7,243629.4889999999,295589.0,1434062.3611200023,0.16988765314900625,0.20612004611092719
2025-08-01,BA,Eólica,46,4264914.453999999,4307558.0,8631999.599999998,0.4940818641835896,0.4990220342456922
2025-08-01,BA,Solar,12,289807.03500000003,524211.5,1725323.798399996,0.16797254826529187,0.3038336922530919
2025-08-01,CE,Eólica,21,626791.882,759610.0,1817421.0288,0.3448798446080795,0.4179603889042444
2025-08-01,CE,Solar,10,210429.662,249975.5,1170440.159999998,0.17978677525897638,0.2135739258981001
2025-08-01,PB,Eólica,4,355851.919,340422.5,707573.7599999977,0.5029184787745679,0.48111238607830953
2025-08-01,PB,Solar,3,77784.342,99725.5,434412.67200000084,0.1790563374725861,0.2295639755186511
2025-08-01,PE,Eólica,5,223431.64799999996,243328.5,610165.5600000003,0.36618200476605045,0.3987909445429858
2025-08-01,PE,Solar,5,112442.85100000005,180606.0,711572.4028799959,0.15802025281602036,0.25381254144907944
2025-08-01,PI,Eólica,10,2026450.202,2282967.5,3459116.400000004,0.5858288556002329,0.6599857408672334
2025-08-01,PI,Solar,7,258264.0579999999,417956.5,1510975.7120421508,0.17092535369145315,0.27661364551989603
2025-08-01,RN,Eólica,54,2924731.612,3410049.5,7544628.71999999,0.38765746076368934,0.4519837392342886
2025-08-01,RN,Solar,7,301558.638,308042.0,1465261.1131199924,0.20580539215832236,0.21023010659450564
2025-09-01,BA,Eólica,46,4574684.130999999,4486834.0,8351603.9999999935,0.547761140374951,0.5372421872493001
2025-09-01,BA,Solar,12,303370.61499999993,440322.0,1669668.1919999956,0.18169515144000584,0.26371826576666385
2025-09-01,CE,Eólica,21,734610.6209999998,852558.5,1757282.5440000026,0.4180378525401199,0.48515732595816347
2025-09-01,CE,Solar,11,239366.03799999988,236854.5,1192661.997119996,0.20069897303512121,0.19859314757403948
2025-09-01,PB,Eólica,4,368778.34699999995,330347.5,684748.7999999978,0.5385600485900831,0.48243604077875135
2025-09-01,PB,Solar,3,86351.42299999997,89780.5,420399.3600000007,0.2054033169793594,0.21356003015799038
2025-09-01,PE,Eólica,5,274709.083,266131.0,590482.8000000004,0.4652279168842849,0.45070068086657195
2025-09-01,PE,Solar,6,146159.92299999998,169447.5,710525.6543999962,0.2057067497772826,0.23848188865620912
2025-09-01,PI,Eólica,10,2018147.1079999998,2101073.0,3347532.000000004,0.6028761212738212,0.6276483690073754
2025-09-01,PI,Solar,8,300063.17300000007,367061.0,1563024.4800407924,0.1919759906717321,0.2348402118375141
2025-09-01,RN,Eólica,56,3110730.1750000007,3265885.0,7646277.599999986,0.4068293538021699,0.42712090390231267
2025-09-01,RN,Solar,7,293727.887,275983.5,1499788.2095999958,0.19584624356950994,0.184014981737726
2025-10-01,BA,Eólica,46,4341914.767,4498805.0,8642936.399999993,0.502365696801842,0.520518119281776
2025-10-01,BA,Solar,13,323974.6099999999,364283.5,1725323.798399996,0.18777612080726092,0.21113920780425308
2025-10-01,CE,Eólica,21,747987.4820000001,857132.5,1825039.5887999982,0.40984726391158316,0.46965145592462604
2025-10-01,CE,Solar,11,284682.3089999999,245492.0,1311379.4294400006,0.21708614807353507,0.18720135034055907
2025-10-01,PB,Eólica,4,357720.76899999985,306714.0,707573.7599999977,0.5055596875158301,0.43347282974428136
2025-10-01,PB,Solar,3,93422.84900000005,82850.5,434412.67200000084,0.21505553364704763,0.19071842360988916
2025-10-01,PE,Eólica,5,313885.40300000005,285913.0,610165.5600000003,0.5144266139832604,0.4685826581231492
2025-10-01,PE,Solar,6,155610.86099999998,163719.0,756212.4028799958,0.2057766579963038,0.2164986971603278
2025-10-01,PI,Eólica,10,1755705.5249999997,1810986.5,3458372.4000000036,0.5076681519318156,0.5236528316036753
2025-10-01,PI,Solar,8,314908.138,311895.0,1734525.3920421517,0.1815529132319253,0.17981575907216266
2025-10-01,RN,Eólica,54,2950554.582,3231299.5,7971123.1199999815,0.37015543952606855,0.4053756856286028
2025-10-01,RN,Solar,7,337178.37299999985,276840.0,1553501.0011199957,0.21704419421481627,0.17820394051913216
2025-11-01,BA,Eólica,46,2747463.2599999993,2822087.0,8364131.999999992,0.3284815758527008,0.3374034508302837
2025-11-01,BA,Solar,11,298442.5510000001,349058.0,1669668.1919999954,0.17874362848256314,0.20905830372313935
2025-11-01,CE,Eólica,21,691048.4199999998,713687.5,1766167.3439999989,0.3912700698196129,0.404088266281522
2025-11-01,CE,Solar,11,294961.31200000003,246469.0,1269076.8672000002,0.23242194355869195,0.1942112462768244
2025-11-01,PB,Eólica,4,234546.49300000002,213685.5,684748.7999999978,0.3425292501425351,0.3120640737157928
2025-11-01,PB,Solar,3,94783.85400000002,83679.0,420399.3600000007,0.225461461216306,0.19904644954740147
2025-11-01,PE,Eólica,5,285102.1309999997,274125.5,590482.8000000004,0.4828288495448123,0.4642396018986494
2025-11-01,PE,Solar,6,165748.534,178685.5,731818.4543999961,0.22648859563932977,0.2441664307939608
2025-11-01,PI,Eólica,10,1060411.7549999994,1111011.0,3346812.000000004,0.3168423428026427,0.331960982570876
2025-11-01,PI,Solar,8,313160.17799999996,315927.5,1678572.9600407926,0.18656334008406136,0.18821195594162457
2025-11-01,RN,Eólica,54,2783052.3910000008,2651369.0,7724577.599999982,0.36028538194761706,0.3432380561495047
2025-11-01,RN,Solar,7,399093.97800000006,291955.5,1503388.0655999943,0.2654630478529998,0.19419836213977268
2025-12-01,BA,Eólica,46,2677684.403999999,2498587.5,8642936.399999995,0.3098118833779687,0.28909011756698816
2025-12-01,BA,Solar,13,456802.0120000001,416535.0,1884569.5281599958,0.24239063890945955,0.2210239493825866
2025-12-01,CE,Eólica,21,727003.587,700424.5,1826527.5887999982,0.39802496904940304,0.38347326604585735
2025-12-01,CE,Solar,11,318446.047,310985.5,1311379.4294400006,0.24283288257463845,0.2371437991312708
2025-12-01,PB,Eólica,4,226935.392,206262.0,707573.7599999977,0.32072330098843793,0.29150600497112933
2025-12-01,PB,Solar,3,105142.29699999995,99410.5,434412.67200000084,0.24203321812859027,0.22883885854968755
2025-12-01,PE,Eólica,5,297055.476,293311.5,610165.5600000004,0.48684405589853325,0.4807080556955719
2025-12-01,PE,Solar,6,184772.13399999993,201953.0,756212.4028799959,0.2443389361194088,0.26705856612622647
2025-12-01,PI,Eólica,10,703259.3120000003,698335.5,3458372.400000004,0.20334979309920453,0.20192605631481422
2025-12-01,PI,Solar,8,333999.6379999999,352639.0,1734525.3920421514,0.1925596705198786,0.20330575823096994
2025-12-01,RN,Eólica,54,3107317.9220000017,2833011.5,8019723.119999981,0.38745950146967284,0.3532555248615624
2025-12-01,RN,Solar,7,415225.37999999983,335169.0,1553501.0011199957,0.2672836256305231,0.2157507460621912
2026-01-01,BA,Eólica,45,2488561.2809999986,2567074.5,8432012.399999993,0.2951325452272818,0.3044438715483865
2026-01-01,BA,Solar,14,403844.2920000001,404898.5,1954471.8239999989,0.2066257937520415,0.20716517630391804
2026-01-01,CE,Eólica,21,629042.4680000001,639941.0,1826527.4399999988,0.3443925638478229,0.3503593682665947
2026-01-01,CE,Solar,11,289423.946,308461.5,1311379.6080000023,0.22070188085462397,0.23521907624477828
2026-01-01,PB,Eólica,4,225234.70400000014,188804.5,707573.7599999977,0.31831975227572157,0.2668336655107174
2026-01-01,PB,Solar,3,103296.16400000002,98512.5,434412.67200000084,0.23778349633410284,0.2267716996984835
2026-01-01,PE,Eólica,5,301928.00499999995,276402.5,610165.5600000004,0.4948296409912086,0.4529959049147248
2026-01-01,PE,Solar,6,171929.432,195318.5,756212.7599999947,0.227355899151981,0.25828511542175164
2026-01-01,PI,Eólica,10,1073623.4759999998,800319.0,3458372.400000004,0.3104418355871677,0.23141492801642735
2026-01-01,PI,Solar,8,343293.93999999994,355110.0,1734525.144000006,0.19791811101009832,0.20473038469830265
2026-01-01,RN,Eólica,54,2850787.762,2650396.0,8027931.119999981,0.355108647469313,0.33014682866387207
2026-01-01,RN,Solar,7,343487.3420000001,320220.0,1553500.2720000145,0.2211054276532479,0.20612806175292192
2026-02-01,BA,Eólica,45,1856078.8269999998,1785493.5,7616011.199999993,0.243707470782081,0.23443945303021635
2026-02-01,BA,Solar,14,413708.2180000001,417026.5,1797832.5119999968,0.23011499416025738,0.2319607066934613
2026-02-01,CE,Eólica,21,308898.9130000001,303834.0,1649766.720000001,0.1872379344638495,0.18416785616817377
2026-02-01,CE,Solar,11,245962.287,261078.0,1184471.9040000015,0.2076556532657103,0.22041721641377124
2026-02-01,PB,Eólica,4,108702.808,110127.0,639098.8799999981,0.17008762087018572,0.17231605851038312
2026-02-01,PB,Solar,3,88841.429,83677.0,392372.7360000004,0.22642100444002286,0.2132589558923888
2026-02-01,PE,Eólica,6,173895.632,181904.0,551117.2799999991,0.3155328970995072,0.3300640473475996
2026-02-01,PE,Solar,6,143103.543,146576.0,683030.8799999956,0.20951255234609734,0.21459644694248808
2026-02-01,PI,Eólica,10,509084.05500000017,458162.5,3123691.200000006,0.1629751542021821,0.14667342917891474
2026-02-01,PI,Solar,8,299826.32100000005,319297.0,1566667.8720000063,0.19137835552677937,0.20380643894381126
2026-02-01,RN,Eólica,54,1659262.2230000002,1565679.5,7251034.559999984,0.2288311011718587,0.21592498105539348
2026-02-01,RN,Solar,7,363892.56400000013,260410.0,1403161.536000014,0.25933761342785017,0.18558804052051595
2026-03-01,BA,Eólica,45,2318833.6070000003,2124562.5,8432012.399999993,0.27500358123287416,0.2519638728235269
2026-03-01,BA,Solar,15,431552.065,440574.0,2086438.2239999997,0.2068367325885418,0.2111608170000628
2026-03-01,CE,Eólica,21,252864.76200000005,288909.0,1826527.439999999,0.13844016600155767,0.15817391716819768
2026-03-01,CE,Solar,13,294403.89400000003,271681.0,1428445.3680000028,0.20610091263917307,0.19019348312941534
2026-03-01,PB,Eólica,4,138971.429,122025.5,707573.7599999977,0.19640557190815056,0.1724562256237433
2026-03-01,PB,Solar,3,97342.677,94467.0,434412.67200000084,0.2240788155461538,0.21745912605422296
2026-03-01,PE,Eólica,4,185765.04199999984,136339.5,610165.5599999977,0.3044502249520614,0.2234467314084402
2026-03-01,PE,Solar,7,165067.28900000005,152023.0,829579.3199999952,0.19897710203287253,0.1832531215942086
2026-03-01,PI,Eólica,10,637315.632,515467.0,3458372.400000004,0.18428195644864598,0.1490490150800415
2026-03-01,PI,Solar,8,296760.41299999994,335247.0,1734525.1440000057,0.17109029178766347,0.19327883551280414
2026-03-01,RN,Eólica,54,1839596.0820000002,1799154.5,8027931.119999978,0.22914946011644471,0.22411185062584404
2026-03-01,RN,Solar,7,385954.72099999996,383021.5,1553500.2720000145,0.24844200413503137,0.2465538673558703
2026-04-01,BA,Eólica,45,3334924.8979999996,3522583.0,8160011.999999991,0.40869117569925184,0.4316884583012873
2026-04-01,BA,Solar,15,388180.28700000007,444613.5,2070220.3199999996,0.18750675145532344,0.2147662718333284
2026-04-01,CE,Eólica,21,141790.83600000004,188662.5,1767607.1999999995,0.08021625845380131,0.10673327196223237
2026-04-01,CE,Solar,13,282176.1690000001,237286.0,1549113.840000003,0.1821532812591743,0.15317531473348628
2026-04-01,PB,Eólica,4,201941.65800000005,182904.5,684748.7999999978,0.29491348944313694,0.2671118226129065
2026-04-01,PB,Solar,3,78140.56999999995,82025.5,420399.3600000007,0.1858722382450816,0.19511328466342068
2026-04-01,PE,Eólica,4,190169.26699999996,126486.5,590482.799999998,0.32205725043981065,0.21420861031007243
2026-04-01,PE,Solar,7,172538.451,145327.0,854096.399999996,0.20201285358420995,0.17015292418982295
2026-04-01,PI,Eólica,10,1132390.2149999994,1118487.5,3346812.0000000047,0.3383489168199462,0.3341948995043637
2026-04-01,PI,Solar,8,301699.864,330542.5,1678572.7200000063,0.17973595090953157,0.19691878466844068
2026-04-01,RN,Eólica,54,1713431.4420000003,1794923.5,7768965.599999981,0.22054820811666415,0.23103764290062043
2026-04-01,RN,Solar,7,327060.51399999997,337356.0,1503387.360000015,0.21754906466687116,0.22439725713803835
2026-05-01,BA,Eólica,45,3742653.119000001,4183757.0,8432012.399999995,0.4438623831957367,0.4961753851310753
2026-05-01,BA,Solar,15,345899.75100000005,398423.0,2139227.664,0.16169375369483818,0.18624618908256602
2026-05-01,CE,Eólica,21,249053.746,211839.5,1826527.4399999988,0.1363536843443207,0.11597936902606848
2026-05-01,CE,Solar,13,311085.44000000006,237588.5,1600750.968000003,0.19433718686965648,0.1484231493527353
2026-05-01,PB,Eólica,4,271783.03699999984,280994.0,707573.7599999977,0.3841055906312873,0.3971232624567662
2026-05-01,PB,Solar,3,74038.23000000004,78600.5,434412.67200000084,0.1704329426191322,0.18093509942546024
2026-05-01,PE,Eólica,4,215943.63799999998,145859.0,610165.5599999978,0.35390990930396127,0.23904823471190428
2026-05-01,PE,Solar,7,157204.95999999993,151548.0,882566.2799999957,0.1781225541497016,0.17171288257240094
2026-05-01,PI,Eólica,10,1809643.8859999995,1704045.0,3458372.400000004,0.5232646102542333,0.49273033754259604
2026-05-01,PI,Solar,8,335431.12600000005,341710.0,1734525.144000006,0.19338498906188178,0.19700492736125988
2026-05-01,RN,Eólica,54,2435430.0320000006,2606842.0,8053095.119999979,0.30242161500757325,0.3237068432888456
2026-05-01,RN,Solar,7,297099.60999999975,328541.0,1553500.2720000145,0.19124528997829296,0.21148435305841834
2026-06-01,BA,Eólica,45,3566474.9409999996,3774957.0,8160011.9999999935,0.4370673647293659,0.462616599093237
2026-06-01,BA,Solar,15,355885.18500000006,388438.5,2070220.3199999998,0.17190691326998475,0.18763147875971
2026-06-01,CE,Eólica,21,377471.41399999993,318129.0,1767607.1999999995,0.21354937567577234,0.17997720307996035
2026-06-01,CE,Solar,14,368084.98999999993,249337.5,1659993.840000003,0.22173876862097225,0.15020387063604979
2026-06-01,PB,Eólica,4,291200.5290000003,283561.5,684748.7999999978,0.42526621295283934,0.41411025473867336
2026-06-01,PB,Solar,3,74426.58000000005,72771.0,420399.3600000007,0.17703780519551676,0.17309969263511696
2026-06-01,PE,Eólica,4,219819.57299999997,134663.5,590482.7999999981,0.3722709162739384,0.2280566004632149
2026-06-01,PE,Solar,7,159972.859,140053.5,854096.3999999961,0.18730070633713095,0.16397856260721932
2026-06-01,PI,Eólica,10,1800887.3319999995,1807153.0,3346812.000000004,0.5380903773501461,0.5399625076042508
2026-06-01,PI,Solar,8,353209.94499999995,352009.0,1678572.7200000063,0.21042278406621467,0.20970732802091452
2026-06-01,RN,Eólica,54,2608156.0610000007,2864806.0,7814001.599999983,0.3337798217241223,0.3666247009726753
2026-06-01,RN,Solar,7,305329.8889999999,314241.5,1503387.3600000148,0.20309462293204122,0.20902231079021238
2026-07-01,BA,Eólica,45,3820577.1809999985,3886034.5,8432012.399999993,0.4531038380588721,0.4608667914198043
2026-07-01,BA,Solar,16,385750.84099999996,437138.5,2142347.6640000003,0.18005986959173584,0.20404648010482762
2026-07-01,CE,Eólica,21,541033.5360000001,480762.5,1826527.4399999985,0.296208819069261,0.2632112113245889
2026-07-01,CE,Solar,14,351154.257,319503.5,1723510.9680000031,0.20374355807406694,0.1853794411130196
2026-07-01,PB,Eólica,4,289471.67300000007,266882.5,707573.7599999977,0.40910459002889116,0.37717975861626196
2026-07-01,PB,Solar,3,76876.58600000004,65601.5,434412.67200000084,0.17696672071297195,0.1510119391728975
2026-07-01,PE,Eólica,4,237864.81199999998,205086.5,610165.5599999977,0.3898365092910207,0.33611615181951726
2026-07-01,PE,Solar,7,179748.95900000003,157728.5,882566.2799999958,0.2036662436276184,0.1787157560563052
2026-07-01,PI,Eólica,10,1849965.053,1788419.0,3458372.400000004,0.53492361117617,0.5171273631492079
2026-07-01,PI,Solar,8,361053.40400000004,346469.0,1734525.144000006,0.20815691559672128,0.19974861776924394
2026-07-01,RN,Eólica,54,2661420.841,3014891.0,8185558.319999992,0.3251361406218657,0.3683183091657458
2026-07-01,RN,Solar,7,270788.19,292827.0,1553500.2720000145,0.17430842780051825,0.18849497826157913
2026-08-01,BA,Eólica,45,4205684.935999999,4340798.0,8432012.399999993,0.4987759429765547,0.5147997647631547
2026-08-01,BA,Solar,16,390318.7650000001,427327.5,2187587.6640000003,0.17842428508044467,0.1953418859652154
2026-08-01,CE,Eólica,21,743758.8030000002,728951.0,1828015.439999999,0.40686680578584206,0.39876632551856367
2026-08-01,CE,Solar,14,395235.76100000006,328162.5,1723510.9680000034,0.2293201310222235,0.19040348805021318
2026-08-01,PB,Eólica,4,320615.2520000001,267208.0,707573.7599999977,0.4531191942448532,0.37763978132824044
2026-08-01,PB,Solar,3,91488.47699999997,68473.5,434412.67200000084,0.21060268932486342,0.15762316436293983
2026-08-01,PE,Eólica,4,287102.87699999986,256988.5,610165.5599999978,0.47053274688266716,0.42117831101447434
2026-08-01,PE,Solar,7,200057.8819999999,166414.5,882566.2799999957,0.22667745928385216,0.18855750981104877
2026-08-01,PI,Eólica,10,1858713.552,1841330.5,3458372.4000000036,0.5374532690580106,0.5324269011631014
2026-08-01,PI,Solar,8,385842.23899999994,355039.0,1734525.144000006,0.22244834001668334,0.20468945130494964
2026-08-01,RN,Eólica,54,2940266.0449999995,3352377.0,8212205.519999993,0.358036101001038,0.40821883863422875
2026-08-01,RN,Solar,7,295001.54799999995,310880.5,1553500.2720000145,0.18989475143136453,0.20011615421203935
2026-09-01,BA,Eólica,46,3965091.9219999984,3825735.5,8160011.999999991,0.48591741311164777,0.46883944533414956
2026-09-01,BA,Solar,17,461939.65200000006,433734.0,2175520.6799999992,0.21233521531038732,0.1993702031828078
2026-09-01,CE,Eólica,21,755217.606,763760.5,1769047.1999999993,0.4269064194556258,0.4317355127664204
2026-09-01,CE,Solar,14,392565.54400000005,324384.0,1667913.840000003,0.23536320317361198,0.1944848661966852
2026-09-01,PB,Eólica,4,292229.2079999999,280239.5,684748.7999999978,0.42676848502691916,0.40925884061425283
2026-09-01,PB,Solar,3,93429.51900000001,65495.0,420399.3600000007,0.22223991730149129,0.15579233993124988
2026-09-01,PE,Eólica,4,273694.3719999998,265603.0,590482.799999998,0.4635094739423413,0.4498064973272734
2026-09-01,PE,Solar,7,202087.06400000004,172657.5,854096.399999996,0.23660919774395606,0.20215223948959488
2026-09-01,PI,Eólica,10,1592351.6719999996,1658430.0,3346812.0000000047,0.47578163099690013,0.49552529392149836
2026-09-01,PI,Solar,9,352517.45600000006,342308.5,1700799.1200000062,0.20726577986470193,0.2012633332030409
2026-09-01,RN,Eólica,54,2865751.780000001,3176420.5,7946877.599999994,0.36061355468718975,0.399706735133306
2026-09-01,RN,Solar,7,311173.919,320174.5,1503387.360000015,0.20698186460740026,0.2129687321569584
