data,carga_mwmed,temperatura_media_c,temperatura_maxima_c,dia_semana,fim_de_semana
2024-10-01,13919.317,25.415277777777778,31.0,2,false
2024-10-02,14237.58633333,25.54583333333333,31.5,3,false
2024-10-03,14234.37508333,26.016666666666666,30.5,4,false
2024-10-04,14203.24595833,25.97361111111111,30.5,5,false
2024-10-05,13347.99379167,26.15555555555556,29.6,6,true
2024-10-06,11537.47645833,25.8375,30.2,7,true
2024-10-07,14082.71441667,26.016666666666666,30.5,1,false
2024-10-08,14535.832125,26.337499999999995,30.4,2,false
2024-10-09,14738.85775,26.569444444444446,30.4,3,false
2024-10-10,14924.58441667,26.60277777777778,30.9,4,false
2024-10-11,12463.20079167,26.65972222222221,30.5,5,false
2024-10-12,12821.095625,26.902777777777775,31.2,6,true
2024-10-13,11832.24229167,27.040277777777774,30.5,7,true
2024-10-14,14008.01166667,26.579166666666666,30.5,1,false
2024-10-15,14388.506375,25.92638888888888,30.4,2,false
2024-10-16,14346.13079167,26.19027777777779,30.3,3,false
2024-10-17,14206.553625,26.559722222222227,30.3,4,false
2024-10-18,14105.16208333,26.536111111111108,30.7,5,false
2024-10-19,13084.59704167,26.44722222222222,30.0,6,true
2024-10-20,11969.45941667,26.729166666666668,30.7,7,true
2024-10-21,13615.45795833,26.612499999999994,30.9,1,false
2024-10-22,13914.193625,26.41388888888888,30.3,2,false
2024-10-23,14139.52495833,26.15555555555555,30.6,3,false
2024-10-24,14268.865,26.230555555555554,29.2,4,false
2024-10-25,14193.49075,26.56527777777778,29.7,5,false
2024-10-26,13552.81658333,26.72916666666667,30.2,6,true
2024-10-27,12419.74554167,26.80972222222221,30.4,7,true
2024-10-28,14046.03904167,26.52083333333333,30.0,1,false
2024-10-29,14341.72266667,26.619444444444444,31.6,2,false
2024-10-30,14446.29529167,26.54444444444445,30.3,3,false
2024-10-31,14312.94641667,26.97361111111111,30.8,4,false
2024-11-01,14157.57266667,26.884722222222226,30.6,5,false
2024-11-02,13019.49854167,26.79583333333333,30.2,6,true
2024-11-03,12638.49520833,26.74027777777778,30.8,7,true
2024-11-04,14121.36483333,26.85138888888889,30.5,1,false
2024-11-05,14548.35966667,26.76250000000001,31.1,2,false
2024-11-06,14537.041125,26.58611111111111,30.7,3,false
2024-11-07,14350.53520833,26.355555555555558,29.9,4,false
2024-11-08,14564.79008333,26.75833333333333,31.1,5,false
2024-11-09,12443.85383333,26.808333333333334,31.0,6,true
2024-11-10,13325.44454167,26.763888888888886,30.9,7,true
2024-11-11,13833.95679167,26.125,30.7,1,false
2024-11-12,14266.27733333,26.56388888888889,31.6,2,false
2024-11-13,14401.23816667,26.979166666666664,30.5,3,false
2024-11-14,14254.91970833,26.72083333333332,30.9,4,false
2024-11-15,13055.47,26.881944444444443,31.5,5,false
2024-11-16,13168.69808333,26.745833333333334,31.3,6,true
2024-11-17,12441.98970833,26.763888888888896,31.8,7,true
2024-11-18,14228.92791667,26.845833333333335,31.2,1,false
2024-11-19,14493.06741667,27.097222222222225,30.9,2,false
2024-11-20,13756.9745,27.170833333333334,31.1,3,false
2024-11-21,14685.12379167,27.125000000000004,30.9,4,false
2024-11-22,14694.20979167,27.391666666666666,31.2,5,false
2024-11-23,13918.20441667,27.409722222222218,31.8,6,true
2024-11-24,12689.10791667,26.861111111111118,31.8,7,true
2024-11-25,13954.75320833,26.941666666666663,31.0,1,false
2024-11-26,13835.4105,26.79722222222222,31.3,2,false
2024-11-27,13839.98583333,26.544444444444444,31.6,3,false
2024-11-28,14004.50704167,26.95138888888889,31.2,4,false
2024-11-29,14187.45266667,27.272222222222222,31.6,5,false
2024-11-30,13590.792,27.236111111111114,31.1,6,true
2024-12-01,12909.57566667,27.075000000000003,31.2,7,true
2024-12-02,14536.01958333,26.820833333333326,30.7,1,false
2024-12-03,14554.89166667,26.955555555555563,30.8,2,false
2024-12-04,14303.770875,26.109722222222224,29.4,3,false
2024-12-05,14137.21120833,26.718055555555562,29.8,4,false
2024-12-06,14097.23533333,26.544444444444437,29.4,5,false
2024-12-07,13344.43733333,26.57916666666667,30.6,6,true
2024-12-08,12672.93591667,26.89444444444445,31.0,7,true
2024-12-09,14125.33925,27.077777777777776,30.8,1,false
2024-12-10,14382.725,27.422222222222217,31.3,2,false
2024-12-11,14486.65808333,27.670833333333334,31.4,3,false
2024-12-12,14417.88333333,27.619444444444447,31.2,4,false
2024-12-13,14488.827875,27.633333333333326,31.1,5,false
2024-12-14,13627.26258333,27.28194444444444,30.7,6,true
2024-12-15,12794.10979167,26.820833333333336,30.8,7,true
2024-12-16,14254.01904167,27.38472222222222,30.6,1,false
2024-12-17,14558.34725,27.722222222222225,31.3,2,false
2024-12-18,14458.669125,27.65972222222222,31.4,3,false
2024-12-19,14336.63420833,27.48055555555556,31.6,4,false
2024-12-20,14284.96775,27.43472222222222,31.1,5,false
2024-12-21,13445.35266667,27.326388888888882,30.6,6,true
2024-12-22,12874.03804167,27.672222222222224,31.2,7,true
2024-12-23,13885.69541667,27.74583333333333,31.3,1,false
2024-12-24,13273.527375,27.40833333333333,31.0,2,false
2024-12-25,11969.418,27.361111111111114,31.3,3,false
2024-12-26,13580.00545833,27.61666666666666,31.4,4,false
2024-12-27,13882.746375,27.437499999999993,31.3,5,false
2024-12-28,13509.53379167,27.59583333333334,31.5,6,true
2024-12-29,12917.68854167,27.836111111111112,32.0,7,true
2024-12-30,13661.238375,27.836111111111116,32.2,1,false
2024-12-31,13092.66758333,27.772222222222226,31.5,2,false
2025-01-01,11925.96770833,27.933333333333326,32.1,3,false
2025-01-02,13837.74179167,27.57361111111111,31.5,4,false
2025-01-03,14230.539125,27.601388888888884,30.8,5,false
2025-01-04,13631.72570833,27.554166666666664,31.3,6,true
2025-01-05,13033.418625,27.676388888888894,30.9,7,true
2025-01-06,14514.239875,27.663888888888884,31.0,1,false
2025-01-07,14483.49083333,27.52083333333334,30.9,2,false
2025-01-08,14667.06675,27.708333333333332,31.1,3,false
2025-01-09,14771.20779167,27.834722222222222,31.0,4,false
2025-01-10,14400.03791667,27.08888888888889,31.2,5,false
2025-01-11,13472.51741667,27.020833333333332,31.1,6,true
2025-01-12,12468.62370833,26.430555555555557,30.6,7,true
2025-01-13,13291.03045833,26.42361111111111,29.3,1,false
2025-01-14,13532.02858333,26.025,29.9,2,false
2025-01-15,13211.62066667,25.876388888888883,29.8,3,false
2025-01-16,13185.16016667,26.590277777777782,29.6,4,false
2025-01-17,13151.25091667,26.588888888888892,29.2,5,false
2025-01-18,12639.28966667,26.334722222222226,29.9,6,true
2025-01-19,12115.51983333,25.944444444444443,28.7,7,true
2025-01-20,13243.502375,26.695833333333336,30.7,1,false
2025-01-21,13706.212375,27.200000000000003,31.4,2,false
2025-01-22,13763.850125,27.15833333333333,30.3,3,false
2025-01-23,13461.009125,26.82638888888889,30.3,4,false
2025-01-24,13431.91154167,26.63333333333334,30.3,5,false
2025-01-25,12665.053875,26.736111111111114,30.0,6,true
2025-01-26,12003.77775,26.33472222222221,29.4,7,true
2025-01-27,13198.869625,26.658333333333328,30.4,1,false
2025-01-28,13608.34554167,26.973611111111108,30.8,2,false
2025-01-29,13561.69041667,26.76388888888889,30.4,3,false
2025-01-30,13592.698,27.27361111111111,31.0,4,false
2025-01-31,13026.52245833,27.427777777777777,31.1,5,false
2025-02-01,12767.80708333,27.47083333333332,31.3,6,true
2025-02-02,12042.90154167,27.633333333333336,30.8,7,true
2025-02-03,13585.376625,27.62916666666667,33.0,1,false
2025-02-04,13495.54429167,27.10416666666667,31.9,2,false
2025-02-05,13467.02429167,26.283333333333342,30.6,3,false
2025-02-06,13291.75995833,25.833333333333336,29.6,4,false
2025-02-07,13363.11366667,26.623611111111106,30.1,5,false
2025-02-08,12811.02120833,26.551388888888894,30.6,6,true
2025-02-09,12193.416,26.537499999999994,30.0,7,true
2025-02-10,13677.59645833,27.22361111111111,31.0,1,false
2025-02-11,13743.749125,27.186111111111114,31.7,2,false
2025-02-12,14151.20429167,26.544444444444444,29.2,3,false
2025-02-13,14221.62470833,26.580555555555552,29.3,4,false
2025-02-14,14154.28320833,27.325,29.9,5,false
2025-02-15,13573.73404167,27.206944444444446,30.2,6,true
2025-02-16,12769.26320833,27.19027777777778,30.7,7,true
2025-02-17,14107.02820833,26.529166666666672,29.6,1,false
2025-02-18,14166.531125,27.020833333333336,29.9,2,false
2025-02-19,14493.52229167,26.931944444444447,30.6,3,false
2025-02-20,14355.59491667,26.61944444444444,29.8,4,false
2025-02-21,14418.26683333,26.966666666666683,30.1,5,false
2025-02-22,13645.283875,27.201388888888893,30.2,6,true
2025-02-23,13440.84166667,26.847222222222225,30.3,7,true
2025-02-24,14550.43945833,26.834722222222226,30.8,1,false
2025-02-25,14671.00354167,26.65,30.0,2,false
2025-02-26,14770.66520833,27.106944444444444,30.9,3,false
2025-02-27,14651.26616667,26.09999999999999,29.2,4,false
2025-02-28,14138.75183333,25.950000000000003,29.6,5,false
2025-03-01,13067.291875,26.04722222222222,29.6,6,true
2025-03-02,12436.00320833,26.604166666666668,30.3,7,true
2025-03-03,12763.18054167,26.34166666666667,31.1,1,false
2025-03-04,12535.18775,25.981944444444437,29.8,2,false
2025-03-05,13471.86741667,26.69722222222222,31.3,3,false
2025-03-06,14247.06004167,26.96527777777777,30.1,4,false
2025-03-07,14326.12083333,26.384722222222226,30.2,5,false
2025-03-08,13624.05270833,26.70972222222222,31.0,6,true
2025-03-09,12597.55591667,26.626388888888894,30.2,7,true
2025-03-10,13791.85725,26.609722222222217,29.8,1,false
2025-03-11,14502.49404167,26.956944444444446,31.3,2,false
2025-03-12,14852.41745833,26.91388888888889,30.6,3,false
2025-03-13,14773.16933333,26.96666666666666,30.4,4,false
2025-03-14,14591.96741667,26.118055555555554,30.2,5,false
2025-03-15,13629.064,26.54166666666667,31.3,6,true
2025-03-16,12887.61570833,26.205555555555563,30.4,7,true
2025-03-17,14190.8665,26.320833333333336,30.0,1,false
2025-03-18,14214.4635,26.744444444444433,30.1,2,false
2025-03-19,14404.94225,27.344444444444445,30.5,3,false
2025-03-20,14724.91995833,27.82361111111112,31.4,4,false
2025-03-21,14446.65416667,28.020833333333325,31.3,5,false
2025-03-22,13655.82220833,27.458333333333332,31.3,6,true
2025-03-23,12698.10933333,27.41666666666667,31.1,7,true
2025-03-24,14094.760625,27.130555555555553,31.1,1,false
2025-03-25,14180.32154167,27.497222222222224,30.7,2,false
2025-03-26,14470.107125,27.8875,31.6,3,false
2025-03-27,14358.58558333,26.937500000000014,31.4,4,false
2025-03-28,14035.14170833,27.206944444444442,30.9,5,false
2025-03-29,13312.7015,27.558333333333334,31.0,6,true
2025-03-30,12508.44725,27.424999999999997,30.9,7,true
2025-03-31,14165.12154167,27.74583333333333,31.5,1,false
2025-04-01,14310.61104167,27.625000000000004,31.9,2,false
2025-04-02,14230.03733333,25.85416666666667,28.8,3,false
2025-04-03,14097.476375,26.687500000000004,30.2,4,false
2025-04-04,14102.99495833,26.82083333333333,30.2,5,false
2025-04-05,13441.59891667,27.151388888888892,31.0,6,true
2025-04-06,12474.9985,26.876388888888883,31.3,7,true
2025-04-07,13773.887125,27.061111111111117,30.4,1,false
2025-04-08,14152.44941667,26.990277777777777,30.8,2,false
2025-04-09,14377.69633333,27.161111111111122,30.6,3,false
2025-04-10,14506.791875,27.42777777777778,30.6,4,false
2025-04-11,14595.73379167,27.398611111111105,31.0,5,false
2025-04-12,13669.11295833,26.851388888888906,31.4,6,true
2025-04-13,12624.30016667,27.301388888888898,30.5,7,true
2025-04-14,14231.47654167,27.605555555555554,30.7,1,false
2025-04-15,14706.04529167,27.88611111111111,31.2,2,false
2025-04-16,14508.55008333,28.131944444444443,31.4,3,false
2025-04-17,14263.22925,27.8486111111111,31.5,4,false
2025-04-18,12484.59125,28.213888888888892,32.0,5,false
2025-04-19,12964.9825,27.18194444444444,31.3,6,true
2025-04-20,12581.20829167,26.95833333333334,31.1,7,true
2025-04-21,13149.31995833,26.755555555555556,30.5,1,false
2025-04-22,14381.40654167,26.337499999999995,30.0,2,false
2025-04-23,14166.49825,26.437499999999986,29.8,3,false
2025-04-24,14042.12508333,26.947222222222226,30.3,4,false
2025-04-25,14041.55354167,26.441666666666677,29.7,5,false
2025-04-26,13461.74704167,27.251388888888886,30.5,6,true
2025-04-27,12278.572125,27.53888888888888,30.9,7,true
2025-04-28,14221.83016667,26.973611111111122,31.0,1,false
2025-04-29,14661.77608333,27.652777777777775,31.1,2,false
2025-04-30,14374.96283333,27.344444444444445,31.2,3,false
2025-05-01,12880.75054167,26.876388888888883,29.9,4,false
2025-05-02,13577.21270833,26.549999999999997,31.0,5,false
2025-05-03,12918.39420833,26.518055555555556,31.1,6,true
2025-05-04,12280.501625,26.922222222222235,30.2,7,true
2025-05-05,13839.86858333,26.427777777777788,30.1,1,false
2025-05-06,14006.74333333,26.68194444444445,30.8,2,false
2025-05-07,14026.49854167,27.305555555555557,30.9,3,false
2025-05-08,14066.06158333,26.861111111111114,30.7,4,false
2025-05-09,14138.12270833,25.969444444444445,30.3,5,false
2025-05-10,13305.51266667,26.47361111111111,30.1,6,true
2025-05-11,12532.13479167,26.686111111111103,29.8,7,true
2025-05-12,13885.39858333,27.00694444444444,30.6,1,false
2025-05-13,13872.84045833,26.512500000000003,31.1,2,false
2025-05-14,13688.648375,26.231944444444444,31.4,3,false
2025-05-15,13567.9955,25.327777777777776,30.6,4,false
2025-05-16,13413.70208333,25.272222222222222,30.1,5,false
2025-05-17,12780.9815,25.994444444444436,30.1,6,true
2025-05-18,12134.634,25.734722222222224,30.2,7,true
2025-05-19,13401.20195833,25.74583333333333,30.2,1,false
2025-05-20,13525.451,25.59722222222222,29.2,2,false
2025-05-21,13304.17270833,25.502777777777784,29.7,3,false
2025-05-22,13160.18258333,25.920833333333334,29.7,4,false
2025-05-23,13512.81970833,25.658333333333342,30.4,5,false
2025-05-24,13067.80183333,25.988888888888894,31.1,6,true
2025-05-25,11971.29770833,25.862499999999997,28.7,7,true
2025-05-26,12936.48041667,25.709722222222222,30.5,1,false
2025-05-27,13406.05041667,26.079166666666662,31.3,2,false
2025-05-28,13555.292125,26.23472222222223,32.0,3,false
2025-05-29,13586.032625,26.441666666666674,31.0,4,false
2025-05-30,13712.078625,25.952777777777772,30.7,5,false
2025-05-31,12936.13620833,25.70972222222223,29.1,6,true
2025-06-01,11932.67016667,25.615277777777774,29.2,7,true
2025-06-02,13326.45920833,26.226388888888888,30.6,1,false
2025-06-03,13527.20220833,25.672222222222224,30.0,2,false
2025-06-04,13414.849375,25.616666666666667,29.8,3,false
2025-06-05,13456.05133333,25.590277777777786,30.0,4,false
2025-06-06,13413.49433333,25.355555555555558,29.6,5,false
2025-06-07,12845.90591667,25.737499999999997,29.8,6,true
2025-06-08,11938.357625,26.029166666666658,30.3,7,true
2025-06-09,13175.673625,25.329166666666662,29.4,1,false
2025-06-10,13539.57233333,25.537499999999998,29.8,2,false
2025-06-11,13681.331375,26.109722222222224,29.8,3,false
2025-06-12,13603.320125,25.238888888888887,30.0,4,false
2025-06-13,13292.25470833,25.452777777777783,30.8,5,false
2025-06-14,12292.20595833,25.299999999999997,31.0,6,true
2025-06-15,11616.95183333,25.50833333333333,29.6,7,true
2025-06-16,13060.62645833,25.483333333333338,30.6,1,false
2025-06-17,13076.708125,25.320833333333344,30.4,2,false
2025-06-18,12920.220625,25.381944444444443,29.1,3,false
2025-06-19,12319.325,24.95694444444445,29.2,4,false
2025-06-20,12694.90358333,24.522222222222226,27.6,5,false
2025-06-21,12186.791625,24.941666666666663,28.3,6,true
2025-06-22,11332.294375,24.831944444444446,28.6,7,true
2025-06-23,12246.42854167,25.32777777777778,29.3,1,false
2025-06-24,12247.297,25.200000000000003,28.6,2,false
2025-06-25,13106.56025,25.48194444444445,29.3,3,false
2025-06-26,13282.41829167,25.252777777777784,29.1,4,false
2025-06-27,13047.726125,24.801388888888884,29.0,5,false
2025-06-28,12468.901,24.736111111111118,28.2,6,true
2025-06-29,11230.67004167,24.447222222222226,28.1,7,true
2025-06-30,12586.809375,24.84444444444445,28.4,1,false
2025-07-01,12628.42695833,24.48611111111111,28.1,2,false
2025-07-02,12546.51429167,24.483333333333327,29.4,3,false
2025-07-03,12457.45520833,24.409722222222214,30.1,4,false
2025-07-04,12555.02679167,24.704166666666666,29.8,5,false
2025-07-05,11983.365625,24.730555555555547,30.9,6,true
2025-07-06,11239.86529167,24.438888888888883,30.0,7,true
2025-07-07,12580.45104167,24.493055555555557,29.6,1,false
2025-07-08,12365.461875,25.087499999999995,31.6,2,false
2025-07-09,12450.82466667,24.59861111111111,31.2,3,false
2025-07-10,12419.73291667,24.124999999999993,26.9,4,false
2025-07-11,12314.47583333,24.49305555555555,29.7,5,false
2025-07-12,11641.86675,24.398611111111116,30.5,6,true
2025-07-13,10761.74916667,24.07777777777778,30.6,7,true
2025-07-14,11991.7585,24.365277777777763,31.1,1,false
2025-07-15,12259.57991667,24.602777777777778,31.0,2,false
2025-07-16,12250.83775,24.772222222222222,31.6,3,false
2025-07-17,12444.419125,24.559722222222216,31.2,4,false
2025-07-18,12614.49241667,24.840277777777782,29.9,5,false
2025-07-19,12178.93645833,25.091666666666672,30.0,6,true
2025-07-20,11160.79929167,24.92083333333333,29.5,7,true
2025-07-21,12326.604,24.327777777777765,29.0,1,false
2025-07-22,12451.02675,24.877777777777776,29.8,2,false
2025-07-23,12704.60670833,24.834722222222222,29.6,3,false
2025-07-24,12651.271375,25.281944444444445,30.1,4,false
2025-07-25,12434.23966667,24.8,29.7,5,false
2025-07-26,11777.58904167,24.838888888888885,30.3,6,true
2025-07-27,11167.92483333,25.40277777777777,30.8,7,true
2025-07-28,12145.567125,25.205555555555563,29.9,1,false
2025-07-29,12482.842375,24.708333333333336,29.1,2,false
2025-07-30,12718.01129167,25.186111111111106,28.7,3,false
2025-07-31,12796.918875,25.158333333333317,29.0,4,false
2025-08-01,12684.97945833,24.64583333333333,29.7,5,false
2025-08-02,12116.47775,24.861111111111104,31.4,6,true
2025-08-03,11453.76754167,24.98472222222222,30.2,7,true
2025-08-04,12580.54554167,24.73194444444445,29.5,1,false
2025-08-05,12822.288625,24.84861111111111,31.5,2,false
2025-08-06,12932.72079167,25.39027777777779,31.8,3,false
2025-08-07,12944.60745833,25.181944444444454,31.8,4,false
2025-08-08,12833.80633333,25.095833333333346,30.5,5,false
2025-08-09,12333.25591667,25.043055555555558,30.3,6,true
2025-08-10,11672.310125,25.71805555555556,30.6,7,true
2025-08-11,12961.0825,25.861111111111114,30.2,1,false
2025-08-12,12951.576625,25.137500000000003,29.2,2,false
2025-08-13,12915.90441667,25.53333333333334,29.3,3,false
2025-08-14,12764.67154167,25.441666666666663,30.9,4,false
2025-08-15,12806.08316667,24.562499999999996,28.6,5,false
2025-08-16,11971.59516667,24.40694444444444,29.6,6,true
2025-08-17,11051.2635,24.46388888888889,30.8,7,true
2025-08-18,11919.1555,24.893055555555552,30.9,1,false
2025-08-19,12428.65770833,24.84444444444445,31.0,2,false
2025-08-20,12315.32966667,24.774999999999988,32.4,3,false
2025-08-21,12591.94179167,25.359722222222228,31.8,4,false
2025-08-22,12288.56354167,25.219444444444445,31.0,5,false
2025-08-23,12202.49325,24.862499999999997,30.9,6,true
2025-08-24,11622.84466667,25.211111111111105,30.3,7,true
2025-08-25,12724.70641667,25.116666666666667,30.9,1,false
2025-08-26,13030.56433333,25.488888888888894,31.0,2,false
2025-08-27,12850.16495833,25.14166666666667,31.1,3,false
2025-08-28,13149.25004167,25.284722222222214,32.9,4,false
2025-08-29,13036.267875,25.163888888888884,31.0,5,false
2025-08-30,12243.67904167,24.89583333333333,31.1,6,true
2025-08-31,11737.51595833,25.20694444444445,30.2,7,true
2025-09-01,12751.68029167,24.954166666666662,30.3,1,false
2025-09-02,12904.43075,24.98472222222222,31.0,2,false
2025-09-03,12851.36775,24.668055555555547,30.8,3,false
2025-09-04,12833.21245833,25.022222222222222,32.1,4,false
2025-09-05,12930.93475,25.17222222222223,32.1,5,false
2025-09-06,12278.92833333,25.322222222222226,30.6,6,true
2025-09-07,11524.96858333,25.23472222222222,31.7,7,true
2025-09-08,12816.41833333,24.94166666666667,32.2,1,false
2025-09-09,13249.460375,25.56805555555555,31.4,2,false
2025-09-10,13419.612,25.754166666666674,30.7,3,false
2025-09-11,13476.91841667,25.922222222222214,30.3,4,false
2025-09-12,13235.15995833,25.59166666666667,30.8,5,false
2025-09-13,13185.94933333,25.559722222222227,30.1,6,true
2025-09-14,12236.36604167,25.919444444444437,30.6,7,true
2025-09-15,13314.21766667,25.562500000000004,31.2,1,false
2025-09-16,13050.89145833,25.87638888888889,31.4,2,false
2025-09-17,13341.09910417,25.761111111111102,31.2,3,false
2025-09-18,13484.99004167,26.05833333333333,31.1,4,false
2025-09-19,13653.148125,26.018055555555563,32.1,5,false
2025-09-20,13074.05791667,25.695833333333333,31.3,6,true
2025-09-21,12269.94666667,25.522222222222226,29.6,7,true
2025-09-22,13642.89970833,26.059722222222224,30.9,1,false
2025-09-23,13900.21133333,26.41666666666666,30.5,2,false
2025-09-24,14095.39979167,26.205555555555563,31.6,3,false
2025-09-25,13804.42766667,26.02638888888889,31.7,4,false
2025-09-26,13593.56433333,25.593055555555555,32.9,5,false
2025-09-27,12391.929875,25.33055555555556,31.2,6,true
2025-09-28,11747.23383333,25.704166666666666,32.8,7,true
2025-09-29,12857.01129167,25.970833333333335,32.4,1,false
2025-09-30,13180.60991667,25.451388888888886,31.3,2,false
2025-10-01,13073.18658333,25.530555555555555,31.3,3,false
2025-10-02,13105.20908333,25.522222222222226,31.2,4,false
2025-10-03,12950.16266667,25.583333333333332,31.7,5,false
2025-10-04,12570.332,25.386111111111124,31.0,6,true
2025-10-05,11879.96183333,25.538888888888877,31.0,7,true
2025-10-06,13305.09054167,25.619444444444454,30.6,1,false
2025-10-07,13551.67075,25.74444444444445,30.5,2,false
2025-10-08,13804.956875,25.895833333333332,29.8,3,false
2025-10-09,14105.174375,25.9513888888889,31.1,4,false
2025-10-10,13519.57833333,25.79861111111111,31.0,5,false
2025-10-11,13040.015125,26.086111111111098,31.7,6,true
2025-10-12,12270.2665,26.169444444444448,30.6,7,true
2025-10-13,13869.76866667,26.241666666666664,30.9,1,false
2025-10-14,13734.19316667,26.402777777777782,30.5,2,false
2025-10-15,13538.4895,26.223611111111097,30.7,3,false
2025-10-16,13574.86295833,26.098611111111104,30.3,4,false
2025-10-17,13710.96241667,25.916666666666657,31.0,5,false
2025-10-18,13789.90133333,26.387499999999992,29.8,6,true
2025-10-19,12617.094875,26.675,30.6,7,true
2025-10-20,13911.95041667,26.16111111111111,31.0,1,false
2025-10-21,13812.095375,25.41111111111111,30.6,2,false
2025-10-22,13183.36029167,25.575,31.3,3,false
2025-10-23,13147.58583333,25.580555555555556,31.8,4,false
2025-10-24,13310.69566667,25.96388888888889,31.6,5,false
2025-10-25,12701.014625,25.915277777777778,31.5,6,true
2025-10-26,11885.78525,25.790277777777778,30.8,7,true
2025-10-27,13068.209375,25.75694444444444,30.9,1,false
2025-10-28,13493.45483333,25.901388888888885,30.7,2,false
2025-10-29,13867.508375,26.09861111111111,31.7,3,false
2025-10-30,14247.746875,26.168055555555547,31.4,4,false
2025-10-31,14238.11145833,26.380555555555556,30.5,5,false
2025-11-01,13273.95325,26.169444444444437,29.4,6,true
2025-11-02,12330.19525,26.07361111111111,29.1,7,true
2025-11-03,13827.46208333,26.831944444444446,30.5,1,false
2025-11-04,13938.27745833,27.03888888888889,30.6,2,false
2025-11-05,14840.66404167,27.016666666666666,30.8,3,false
2025-11-06,14801.76266667,27.108333333333338,31.0,4,false
2025-11-07,14580.57879167,27.05972222222222,32.1,5,false
2025-11-08,13539.57675,27.137500000000003,31.2,6,true
2025-11-09,12948.62225,27.3013888888889,31.4,7,true
2025-11-10,14293.939,27.17361111111111,30.9,1,false
2025-11-11,13974.30091667,26.205555555555563,30.3,2,false
2025-11-12,13900.02241667,25.704166666666666,30.1,3,false
2025-11-13,13900.91470833,26.14583333333333,30.6,4,false
2025-11-14,13779.11483333,26.433333333333334,30.5,5,false
2025-11-15,13001.80729167,26.388888888888882,30.7,6,true
2025-11-16,12625.61825,26.543055555555558,30.6,7,true
2025-11-17,14162.67145833,26.75833333333334,31.3,1,false
2025-11-18,14948.72058333,26.949999999999996,31.0,2,false
2025-11-19,15293.640375,27.144444444444435,30.4,3,false
2025-11-20,14039.04179167,26.880555555555553,30.8,4,false
2025-11-21,13787.47295833,26.27083333333333,31.0,5,false
2025-11-22,13037.88925,26.566666666666674,30.7,6,true
2025-11-23,12356.42583333,26.908333333333335,31.1,7,true
2025-11-24,13976.10825,27.09861111111111,31.1,1,false
2025-11-25,14460.00383333,27.00277777777778,30.7,2,false
2025-11-26,14343.07470833,27.20277777777777,31.2,3,false
2025-11-27,14545.61391667,27.331944444444435,31.4,4,false
2025-11-28,14313.71125,27.244444444444444,30.8,5,false
2025-11-29,13143.782625,27.109722222222228,31.1,6,true
2025-11-30,12475.10358333,27.127777777777773,30.9,7,true
2025-12-01,13843.47441667,27.22361111111111,30.8,1,false
2025-12-02,14130.81191667,27.036111111111115,31.2,2,false
2025-12-03,14219.31720833,27.262500000000003,31.3,3,false
2025-12-04,14251.69816667,27.363888888888884,31.2,4,false
2025-12-05,14463.47554167,27.612499999999997,31.0,5,false
2025-12-06,13225.80854167,27.233333333333334,31.1,6,true
2025-12-07,12206.60570833,27.506944444444454,31.3,7,true
2025-12-08,13579.15716667,27.02638888888889,31.1,1,false
2025-12-09,13859.425625,26.976388888888895,31.2,2,false
2025-12-10,14096.32379167,27.30416666666666,31.4,3,false
2025-12-11,14357.70033333,27.55277777777778,31.4,4,false
2025-12-12,14368.79179167,27.579166666666666,31.3,5,false
2025-12-13,13339.92345833,27.46388888888889,31.2,6,true
2025-12-14,12459.96441667,27.327777777777776,30.9,7,true
2025-12-15,13936.64183333,27.23472222222222,31.0,1,false
2025-12-16,14092.32004167,27.227777777777778,30.1,2,false
2025-12-17,13841.42220833,27.01111111111112,29.5,3,false
2025-12-18,13962.28008333,27.080555555555556,30.4,4,false
2025-12-19,13943.680875,26.84861111111112,31.4,5,false
2025-12-20,13448.70266667,27.244444444444444,31.1,6,true
2025-12-21,12604.42329167,27.011111111111106,30.9,7,true
2025-12-22,13566.34829167,26.874999999999993,30.7,1,false
2025-12-23,13308.69679167,26.74722222222222,32.2,2,false
2025-12-24,12503.08270833,26.531944444444434,31.1,3,false
2025-12-25,11593.10566667,26.586111111111105,30.9,4,false
2025-12-26,13070.49291667,26.884722222222212,30.4,5,false
2025-12-27,13144.87941667,27.47499999999999,31.2,6,true
2025-12-28,12835.50583333,27.39027777777779,31.1,7,true
2025-12-29,14392.15208333,27.618055555555554,31.4,1,false
2025-12-30,14220.89291667,27.797222222222217,31.4,2,false
2025-12-31,13847.36875,27.61111111111111,31.4,3,false
2026-01-01,12269.972583333334,27.273611111111116,30.9,4,false
2026-01-02,13703.662208333331,27.59305555555555,30.6,5,false
2026-01-03,13457.452916666669,28.05555555555556,32.1,6,true
2026-01-04,12708.1665,27.924999999999997,31.6,7,true
2026-01-05,14019.966791666666,27.784722222222218,31.0,1,false
2026-01-06,14193.675499999998,27.60694444444444,31.1,2,false
2026-01-07,14280.466708333335,27.312500000000007,30.7,3,false
2026-01-08,14477.018583333333,26.85416666666667,30.9,4,false
2026-01-09,14492.449541666669,26.869444444444436,31.1,5,false
2026-01-10,13749.465708333337,27.545833333333334,31.1,6,true
2026-01-11,12942.205541666664,27.199999999999992,31.1,7,true
2026-01-12,14600.393416666666,27.85694444444444,32.1,1,false
2026-01-13,14151.289958333333,27.84305555555556,31.8,2,false
2026-01-14,14431.449000000002,27.344444444444438,31.4,3,false
2026-01-15,14467.519666666669,27.16666666666666,31.3,4,false
2026-01-16,14744.605958333334,26.569444444444443,31.0,5,false
2026-01-17,14047.207791666668,27.144444444444446,30.9,6,true
2026-01-18,12902.274416666667,26.602777777777774,30.4,7,true
2026-01-19,14171.519500000002,26.9125,30.5,1,false
2026-01-20,14269.27529166667,26.34305555555555,29.5,2,false
2026-01-21,13922.33720833333,26.890277777777783,29.5,3,false
2026-01-22,13718.296458333332,27.36944444444445,31.0,4,false
2026-01-23,13853.758083333334,27.59166666666667,31.0,5,false
2026-01-24,13331.14516666667,27.09305555555557,30.3,6,true
2026-01-25,12743.377291666666,26.640277777777786,30.4,7,true
2026-01-26,14147.911125,27.122222222222216,30.0,1,false
2026-01-27,14050.794458333336,26.108333333333334,30.0,2,false
2026-01-28,13914.089874999998,26.148611111111123,30.0,3,false
2026-01-29,14083.650499999998,27.011111111111113,29.8,4,false
2026-01-30,14118.18425,27.36944444444445,30.5,5,false
2026-01-31,13713.37820833333,27.769444444444446,31.3,6,true
2026-02-01,12709.574291666664,27.809722222222227,31.9,7,true
2026-02-02,14226.372708333334,27.916666666666664,31.3,1,false
2026-02-03,14623.461541666666,27.902777777777775,31.9,2,false
2026-02-04,14954.674708333332,27.98611111111111,31.6,3,false
2026-02-05,14726.299249999998,26.81527777777778,30.8,4,false
2026-02-06,14063.714000000004,26.884722222222216,31.2,5,false
2026-02-07,13489.48804166667,26.490277777777774,31.4,6,true
2026-02-08,12381.40716666667,25.64583333333334,30.2,7,true
2026-02-09,13041.530541666669,26.8138888888889,31.3,1,false
2026-02-10,13432.582541666665,27.619444444444444,30.9,2,false
2026-02-11,13606.555708333331,27.322222222222223,29.9,3,false
2026-02-12,13800.834708333334,26.205555555555563,29.4,4,false
2026-02-13,13782.25025,26.159722222222214,30.0,5,false
2026-02-14,12816.964000000002,25.801388888888884,29.8,6,true
2026-02-15,11874.478041666667,26.447222222222216,29.7,7,true
2026-02-16,12182.422166666662,26.890277777777776,30.7,1,false
2026-02-17,12441.629541666667,26.811111111111114,29.4,2,false
2026-02-18,13386.839999999997,26.40972222222222,29.6,3,false
2026-02-19,13984.676375,27.29861111111111,30.9,4,false
2026-02-20,14068.72341666667,26.840277777777782,31.0,5,false
2026-02-21,13151.486041666663,26.815277777777784,31.5,6,true
2026-02-22,12501.218166666667,27.47638888888889,31.5,7,true
2026-02-23,13883.333416666666,27.131944444444446,31.3,1,false
2026-02-24,14413.793291666669,27.247222222222216,30.3,2,false
2026-02-25,14464.656125,27.759722222222226,31.3,3,false
2026-02-26,14250.853666666664,27.297222222222224,32.0,4,false
2026-02-27,13821.527000000002,27.205555555555552,31.1,5,false
2026-02-28,13155.967041666663,25.96666666666666,30.5,6,true
2026-03-01,12101.146125,26.313888888888894,30.8,7,true
2026-03-02,13560.08720833333,25.8888888888889,30.5,1,false
2026-03-03,13348.376291666666,25.934722222222224,29.3,2,false
2026-03-04,13061.692916666669,26.4,29.8,3,false
2026-03-05,12974.83875,26.611111111111104,30.0,4,false
2026-03-06,12542.845916666667,26.94722222222223,30.7,5,false
2026-03-07,12553.697333333332,27.161111111111108,31.4,6,true
2026-03-08,11916.035958333334,26.88611111111112,30.4,7,true
2026-03-09,13456.03725,27.191666666666666,30.1,1,false
2026-03-10,13949.868458333336,27.74861111111111,31.1,2,false
2026-03-11,14204.631333333333,27.737499999999997,31.6,3,false
2026-03-12,14217.458999999995,27.876388888888883,31.2,4,false
2026-03-13,14245.234833333334,27.549999999999994,30.6,5,false
2026-03-14,13976.563458333336,27.84861111111112,31.2,6,true
2026-03-15,13272.589125000004,27.836111111111116,31.2,7,true
2026-03-16,14271.086375,27.623611111111106,31.2,1,false
2026-03-17,13915.953624999996,27.59583333333332,31.7,2,false
2026-03-18,13966.372,27.469444444444445,31.0,3,false
2026-03-19,13936.72866666667,27.80694444444445,31.4,4,false
2026-03-20,14302.282458333331,28.405555555555548,31.9,5,false
2026-03-21,13715.865916666668,28.095833333333328,31.1,6,true
2026-03-22,13080.5045,27.812500000000004,31.5,7,true
2026-03-23,14460.670166666669,28.02222222222223,31.0,1,false
2026-03-24,14371.632333333337,28.277777777777786,31.9,2,false
2026-03-25,13985.085916666669,27.876388888888897,32.5,3,false
2026-03-26,14252.479291666665,26.88750000000001,31.3,4,false
2026-03-27,14089.118666666667,26.704166666666666,30.2,5,false
2026-03-28,13202.127625,26.556944444444444,30.5,6,true
2026-03-29,12432.198541666668,26.17916666666667,30.4,7,true
2026-03-30,13951.455208333333,26.30833333333333,28.9,1,false
2026-03-31,14091.618124999995,26.254166666666674,30.2,2,false
2026-04-01,13815.490125000004,26.12777777777778,29.9,3,false
2026-04-02,13343.616458333336,26.240277777777777,29.9,4,false
2026-04-03,11674.82091666667,26.404166666666654,29.8,5,false
2026-04-04,12200.561541666668,26.6875,29.7,6,true
2026-04-05,12033.44404166667,25.808333333333326,28.5,7,true
2026-04-06,13435.335250000002,26.316666666666656,30.0,1,false
2026-04-07,13682.179458333332,26.177777777777774,28.6,2,false
2026-04-08,13839.408875,26.65694444444445,30.4,3,false
2026-04-09,14039.02608333333,26.900000000000006,29.9,4,false
2026-04-10,14052.709041666663,26.838888888888885,29.3,5,false
2026-04-11,13191.632041666666,26.865277777777774,30.4,6,true
2026-04-12,12400.451041666667,25.813888888888886,28.9,7,true
2026-04-13,13384.336208333332,25.772222222222226,29.2,1,false
2026-04-14,13924.395833333336,25.66666666666667,28.1,2,false
2026-04-15,13595.30054166667,26.6125,29.7,3,false
2026-04-16,13769.605083333328,26.605555555555558,29.8,4,false
2026-04-17,13984.379500000005,26.77083333333333,30.7,5,false
2026-04-18,13358.247125000002,27.28611111111111,30.8,6,true
2026-04-19,12630.012583333331,26.46527777777779,29.4,7,true
2026-04-20,13634.408083333334,26.450000000000003,29.6,1,false
2026-04-21,12990.715375,26.11666666666667,29.5,2,false
2026-04-22,13683.160208333336,26.045833333333334,29.6,3,false
2026-04-23,13825.214249999995,26.33611111111111,30.5,4,false
2026-04-24,13834.704291666669,26.619444444444433,30.0,5,false
2026-04-25,12820.003791666668,26.441666666666663,30.2,6,true
2026-04-26,12023.288958333333,26.38472222222222,29.3,7,true
2026-04-27,13611.311166666666,26.243055555555557,30.0,1,false
2026-04-28,13925.177166666668,25.920833333333334,29.1,2,false
2026-04-29,13818.179333333332,26.02083333333333,29.0,3,false
2026-04-30,13589.84875,26.46388888888888,30.7,4,false
2026-05-01,12429.188958333332,25.529166666666672,28.7,5,false
2026-05-02,12206.110833333338,26.049999999999994,30.3,6,true
2026-05-03,11915.506916666664,26.455555555555556,29.9,7,true
2026-05-04,13326.9485,26.327777777777783,30.2,1,false
2026-05-05,13539.855125,26.44861111111111,31.6,2,false
2026-05-06,14074.559458333337,26.536111111111122,31.3,3,false
2026-05-07,13645.749666666668,26.013888888888893,31.1,4,false
2026-05-08,13641.182,26.02083333333333,30.2,5,false
2026-05-09,12851.137916666668,25.862500000000004,29.7,6,true
2026-05-10,12212.090416666664,26.28055555555555,29.0,7,true
2026-05-11,13242.394375000002,25.92083333333333,29.5,1,false
2026-05-12,13488.04675,26.26527777777777,30.5,2,false
2026-05-13,13390.155000000004,26.023611111111105,28.6,3,false
2026-05-14,13577.359874999996,26.11527777777778,28.6,4,false
2026-05-15,13334.23920833333,25.91805555555555,30.2,5,false
2026-05-16,12573.538208333335,25.766666666666666,29.5,6,true
2026-05-17,11801.712458333332,25.863888888888894,27.9,7,true
2026-05-18,13126.793291666669,26.35000000000001,29.8,1,false
2026-05-19,13329.1745,26.616666666666674,30.1,2,false
2026-05-20,13466.023708333334,26.44722222222222,30.5,3,false
2026-05-21,13641.24079166667,26.643055555555563,30.7,4,false
2026-05-22,13582.255958333337,26.691666666666674,31.7,5,false
2026-05-23,12910.90591666667,26.613888888888884,31.7,6,true
2026-05-24,11869.536375,26.131944444444443,31.0,7,true
2026-05-25,13246.252041666668,26.076388888888893,31.9,1,false
2026-05-26,13426.195583333332,26.261111111111113,32.5,2,false
2026-05-27,13655.609208333331,26.43194444444445,31.4,3,false
2026-05-28,13392.397208333336,26.333333333333336,31.1,4,false
2026-05-29,13400.098166666665,26.111111111111114,31.4,5,false
2026-05-30,12724.983375000002,25.31666666666667,29.8,6,true
2026-05-31,11874.370958333331,25.66249999999999,30.9,7,true
2026-06-01,13220.581541666672,25.91944444444445,30.3,1,false
2026-06-02,13540.288875,25.69444444444445,30.5,2,false
2026-06-03,13690.163291666664,25.39583333333333,29.8,3,false
2026-06-04,12798.465041666668,25.90833333333333,30.5,4,false
2026-06-05,12948.39308333333,26.02777777777777,30.3,5,false
2026-06-06,12295.915749999998,25.349999999999998,30.3,6,true
2026-06-07,11365.790541666664,24.890277777777776,29.5,7,true
2026-06-08,12806.021249999998,25.815277777777784,30.8,1,false
2026-06-09,13118.782166666664,26.045833333333334,30.8,2,false
2026-06-10,13045.135999999997,25.78194444444446,29.6,3,false
2026-06-11,13080.148291666666,26.234722222222224,30.7,4,false
2026-06-12,13241.585250000002,25.91944444444445,29.6,5,false
2026-06-13,12636.656791666666,26.113888888888887,30.1,6,true
2026-06-14,12037.226249999998,25.713888888888878,29.0,7,true
2026-06-15,13388.561958333332,26.084722222222208,30.2,1,false
2026-06-16,13662.60095833333,26.297222222222224,29.9,2,false
2026-06-17,13771.519083333334,25.902777777777782,29.5,3,false
2026-06-18,13730.85291666667,25.798611111111114,30.5,4,false
2026-06-19,13382.899833333337,25.43333333333333,32.0,5,false
2026-06-20,12782.726125,25.08749999999999,29.9,6,true
2026-06-21,11807.013666666666,25.28194444444445,30.3,7,true
2026-06-22,13193.242583333333,25.322222222222223,30.4,1,false
2026-06-23,13043.833375,25.470833333333328,30.9,2,false
2026-06-24,12363.17783333333,26.094444444444445,31.7,3,false
2026-06-25,13610.426041666666,25.611111111111104,31.4,4,false
2026-06-26,13835.203458333335,25.606944444444444,29.7,5,false
2026-06-27,13168.58816666667,25.80138888888889,30.1,6,true
2026-06-28,11638.706958333334,25.579166666666666,28.0,7,true
2026-06-29,12302.89858333333,25.954166666666666,29.3,1,false
2026-06-30,13194.729958333335,26.101388888888888,30.2,2,false
2026-07-01,13025.198541666665,25.99444444444444,30.7,3,false
2026-07-02,12905.06604166667,26.2,30.9,4,false
2026-07-03,13156.703708333334,25.527777777777786,29.3,5,false
2026-07-04,12715.782,24.611111111111104,27.4,6,true
2026-07-05,11751.806750000002,24.86805555555554,28.9,7,true
2026-07-06,12993.043708333336,25.44444444444445,30.1,1,false
2026-07-07,13218.411208333331,25.19027777777778,30.3,2,false
2026-07-08,13621.716458333336,25.50555555555556,29.2,3,false
2026-07-09,13653.586125,25.300000000000004,28.8,4,false
2026-07-10,13524.970624999996,25.074999999999996,28.8,5,false
2026-07-11,12892.564375000002,25.547222222222224,28.9,6,true
2026-07-12,12049.325708333336,25.86805555555555,29.2,7,true
2026-07-13,13770.178708333333,26.025000000000013,29.1,1,false
2026-07-14,14307.020708333332,25.887499999999992,29.3,2,false
2026-07-15,13967.054541666665,25.411111111111104,29.3,3,false
2026-07-16,12940.34254166667,24.897222222222204,30.6,4,false
2026-07-17,12837.335750000004,25.21111111111112,31.4,5,false
2026-07-18,12467.930083333336,25.374999999999996,29.8,6,true
2026-07-19,11404.609,25.731944444444444,30.9,7,true
2026-07-20,12858.008958333336,25.91805555555555,30.3,1,false
2026-07-21,13409.566666666668,24.583333333333332,28.2,2,false
2026-07-22,13435.703666666666,24.959722222222222,29.0,3,false
2026-07-23,13715.181458333333,25.17638888888889,28.9,4,false
2026-07-24,13435.823000000002,25.16527777777777,28.6,5,false
2026-07-25,12980.167833333337,25.95138888888889,30.2,6,true
2026-07-26,12196.742416666666,25.84861111111111,30.0,7,true
2026-07-27,13569.029125,25.473611111111115,29.7,1,false
2026-07-28,13784.594624999998,25.648611111111112,30.0,2,false
2026-07-29,13575.438624999995,25.56111111111112,30.7,3,false
2026-07-30,13649.345458333337,25.59305555555555,30.7,4,false
2026-07-31,13520.7935,25.604166666666668,30.5,5,false
2026-08-01,12684.657083333334,25.838888888888892,31.7,6,true
2026-08-02,11659.451083333332,25.461111111111116,31.1,7,true
2026-08-03,13280.490041666666,24.88333333333334,29.9,1,false
2026-08-04,13569.684583333334,25.495833333333344,29.9,2,false
2026-08-05,13330.452291666666,25.57222222222222,31.3,3,false
2026-08-06,13635.302208333333,25.484722222222228,30.6,4,false
2026-08-07,13986.708666666666,26.001388888888894,30.1,5,false
2026-08-08,13534.62604166667,26.162499999999998,29.7,6,true
2026-08-09,12624.613416666663,26.251388888888876,29.4,7,true
2026-08-10,14086.610041666663,25.868055555555557,29.7,1,false
2026-08-11,14088.704833333331,25.754166666666666,31.0,2,false
2026-08-12,13757.866666666669,25.413888888888884,30.9,3,false
2026-08-13,13745.821333333331,25.863888888888887,30.8,4,false
2026-08-14,13740.758958333332,25.987499999999997,31.2,5,false
2026-08-15,13205.920916666664,26.34027777777778,30.4,6,true
2026-08-16,12275.671833333334,26.436111111111106,31.5,7,true
2026-08-17,13796.621083333332,26.011111111111106,30.8,1,false
2026-08-18,13988.581583333333,25.399999999999995,31.2,2,false
2026-08-19,13932.384166666665,25.67916666666667,31.5,3,false
2026-08-20,13819.422166666664,25.84166666666666,31.1,4,false
2026-08-21,13771.444458333332,25.554166666666674,30.6,5,false
2026-08-22,13323.226916666668,26.169444444444455,31.3,6,true
2026-08-23,12656.721416666667,26.786111111111108,31.1,7,true
2026-08-24,14122.209041666663,26.5875,32.0,1,false
2026-08-25,14151.036416666668,26.55972222222222,31.6,2,false
2026-08-26,14299.814125000004,26.438888888888894,30.9,3,false
2026-08-27,14520.42125,26.30138888888889,30.3,4,false
2026-08-28,14580.781000000004,26.52916666666666,30.3,5,false
2026-08-29,13692.54445833333,26.290277777777785,30.1,6,true
2026-08-30,12843.302291666669,26.595833333333328,31.6,7,true
2026-08-31,14530.57595833333,26.37083333333333,29.9,1,false
2026-09-01,14670.695875,26.447222222222226,30.7,2,false
2026-09-02,14974.595208333338,26.684722222222224,30.4,3,false
2026-09-03,15037.775666666668,26.373611111111117,30.4,4,false
2026-09-04,14851.168833333331,26.41250000000001,29.6,5,false
2026-09-05,13897.637541666663,26.27638888888889,30.7,6,true
2026-09-06,13148.991833333332,26.383333333333336,31.7,7,true
2026-09-07,13222.182291666664,26.870833333333334,31.3,1,false
2026-09-08,14386.80025,26.994444444444444,31.6,2,false
2026-09-09,14620.098875,26.465277777777782,31.0,3,false
2026-09-10,14498.256916666664,26.301388888888887,30.2,4,false
2026-09-11,14506.083208333332,26.402777777777768,30.7,5,false
2026-09-12,13813.228874999995,26.527777777777775,30.2,6,true
2026-09-13,12836.731125,26.769444444444435,30.7,7,true
2026-09-14,14313.480208333332,26.812500000000004,31.2,1,false
2026-09-15,14619.308291666666,26.840277777777786,31.0,2,false
2026-09-16,14868.458291666664,26.841666666666665,30.5,3,false
2026-09-17,15015.442583333335,27.206944444444442,31.0,4,false
2026-09-18,14905.893000000002,26.518055555555545,30.8,5,false
2026-09-19,13783.7655,25.78611111111111,30.8,6,true
2026-09-20,12676.229041666673,26.03055555555555,31.2,7,true
2026-09-21,14226.652041666666,26.229166666666664,30.8,1,false
2026-09-22,14900.8045,26.40277777777778,31.2,2,false
2026-09-23,15304.61425,26.362499999999997,29.8,3,false
2026-09-24,15328.351041666669,26.668055555555558,30.4,4,false
2026-09-25,15200.550250000002,26.472222222222214,30.4,5,false
2026-09-26,14043.72391666667,26.555555555555564,30.6,6,true
2026-09-27,13333.262208333332,26.39305555555556,29.8,7,true
