uf,tipo_usina,variavel,correlacao,horas
BA,Eólica,temperatura_c,-0.6322182506776176,17448
BA,Eólica,vento_100m_ms,0.5875101690887242,17448
CE,Eólica,temperatura_c,-0.004545724226750631,17448
CE,Eólica,vento_100m_ms,0.5766341642817538,17448
PB,Eólica,temperatura_c,-0.58329373578789,17448
PB,Eólica,vento_100m_ms,0.8063251373463829,17448
PE,Eólica,temperatura_c,-0.3791351679256499,17448
PE,Eólica,vento_100m_ms,0.385271151408545,17448
PI,Eólica,temperatura_c,-0.5252309761343403,17448
PI,Eólica,vento_100m_ms,0.744639216597315,17448
RN,Eólica,temperatura_c,-0.28185088317362805,17448
RN,Eólica,vento_100m_ms,0.5890370794045579,17448
BA,Solar,cobertura_nuvens_pct,-0.03880774653636112,9193
BA,Solar,radiacao_solar_wm2,0.6431710030883007,9193
BA,Solar,temperatura_c,0.30574956448979385,9193
CE,Solar,cobertura_nuvens_pct,-0.09342933822625155,9450
CE,Solar,radiacao_solar_wm2,0.674684203184617,9450
CE,Solar,temperatura_c,0.2241491997620835,9450
PB,Solar,cobertura_nuvens_pct,-0.07373773193009206,9451
PB,Solar,radiacao_solar_wm2,0.699825753555943,9451
PB,Solar,temperatura_c,0.16479809668064233,9451
PE,Solar,cobertura_nuvens_pct,-0.1600863121532839,9425
PE,Solar,radiacao_solar_wm2,0.6536853039057695,9425
PE,Solar,temperatura_c,0.23618393739856722,9425
PI,Solar,cobertura_nuvens_pct,-0.0590648821686607,9136
PI,Solar,radiacao_solar_wm2,0.6302304465765615,9136
PI,Solar,temperatura_c,0.2803183937004223,9136
RN,Solar,cobertura_nuvens_pct,-0.06615945791439509,9451
RN,Solar,radiacao_solar_wm2,0.6261027484889465,9451
RN,Solar,temperatura_c,0.3593953160782265,9451
