tipo_usina,variavel,faixa_inicio,faixa_fim,horas,fator_capacidade,fator_capacidade_p25,fator_capacidade_p75
Eólica,vento_100m_ms,0.0,1.0,942,0.08142517241773588,0.019748554900855222,0.12485231639365243
Eólica,vento_100m_ms,1.0,2.0,3333,0.09632894590779241,0.029805576047261667,0.16933600775500995
Eólica,vento_100m_ms,2.0,3.0,6094,0.1308272188149804,0.05389668544605081,0.24864478793550399
Eólica,vento_100m_ms,3.0,4.0,9285,0.1742167712266492,0.0828383824219774,0.35420955515456154
Eólica,vento_100m_ms,4.0,5.0,11771,0.24821335994218288,0.12065546394857031,0.4089144365687777
Eólica,vento_100m_ms,5.0,6.0,14820,0.34866951842394067,0.170647520951824,0.4999290589278545
Eólica,vento_100m_ms,6.0,7.0,15786,0.40612696995298375,0.22341725968050047,0.5495753239259552
Eólica,vento_100m_ms,7.0,8.0,13910,0.4434122823312834,0.29034739250914693,0.5887332874048152
Eólica,vento_100m_ms,8.0,9.0,10904,0.4652836267457363,0.34850374327052497,0.6143550242880007
Eólica,vento_100m_ms,9.0,10.0,7750,0.4805255354020628,0.39112760767160165,0.6445484957027763
Eólica,vento_100m_ms,10.0,11.0,5307,0.49052963317917453,0.4330886749843134,0.6743522880215342
Eólica,vento_100m_ms,11.0,12.0,2991,0.49670340623157866,0.46502460464333784,0.7062889628217965
Eólica,vento_100m_ms,12.0,13.0,1336,0.5065907181906137,0.5237073077753666,0.7404462483176312
Eólica,vento_100m_ms,13.0,14.0,335,0.49890672671170977,0.5632013374831764,0.7533941790040377
Eólica,vento_100m_ms,14.0,15.0,95,0.6027132295078039,0.5750609858681023,0.7503627607671602
Eólica,vento_100m_ms,15.0,16.0,26,0.6184768577233665,0.5886250841184388,0.7448729811574697
Eólica,vento_100m_ms,16.0,17.0,3,0.4406323603633917,0.24009295087483176,0.6544046517496636
Solar,radiacao_solar_wm2,0.0,50.0,56070,0.01640228933652442,0.0,1.1154764455528975E-4
Solar,radiacao_solar_wm2,50.0,100.0,2146,0.19522409783817646,0.004148055791521662,0.3449448296426457
Solar,radiacao_solar_wm2,100.0,150.0,2738,0.20084697116138658,0.011300008158694816,0.3697493239285181
Solar,radiacao_solar_wm2,150.0,200.0,2741,0.22769989940412885,0.025304040884989595,0.430996579708455
Solar,radiacao_solar_wm2,200.0,250.0,2104,0.23227122673390765,0.05717353058557439,0.3868258981174472
Solar,radiacao_solar_wm2,250.0,300.0,2000,0.3020612803298191,0.12383835326320519,0.47183422405695175
Solar,radiacao_solar_wm2,300.0,350.0,2089,0.35076130263146055,0.21137018821521636,0.46512509052988843
Solar,radiacao_solar_wm2,350.0,400.0,2465,0.3813521914167848,0.25098991587427727,0.5031210591150995
Solar,radiacao_solar_wm2,400.0,450.0,2599,0.41727382705515803,0.2931477145533407,0.5359521438947934
Solar,radiacao_solar_wm2,450.0,500.0,2339,0.43549409717508764,0.316075957674327,0.5602311574260306
Solar,radiacao_solar_wm2,500.0,550.0,2311,0.46264368662657285,0.3429681719781876,0.5894650491630188
Solar,radiacao_solar_wm2,550.0,600.0,2335,0.49454096049084506,0.3761252311213685,0.6266383473619852
Solar,radiacao_solar_wm2,600.0,650.0,2646,0.5123423742053548,0.4013215099925674,0.6552802199959963
Solar,radiacao_solar_wm2,650.0,700.0,2624,0.5121644618501815,0.39466644018854313,0.6642382190535143
Solar,radiacao_solar_wm2,700.0,750.0,2757,0.5278861709882093,0.40603209377258453,0.6788402636019945
Solar,radiacao_solar_wm2,750.0,800.0,2851,0.5332076872921074,0.41424650342226466,0.6813645153967505
Solar,radiacao_solar_wm2,800.0,850.0,3350,0.5436648457352373,0.4302467040462003,0.7014804209026388
Solar,radiacao_solar_wm2,850.0,900.0,3079,0.5549884929879773,0.4375970543986325,0.7157367288819498
Solar,radiacao_solar_wm2,900.0,950.0,2607,0.5685839866669281,0.46152466265384046,0.7265036285724487
Solar,radiacao_solar_wm2,950.0,1000.0,1864,0.5698653194017983,0.4517307779007384,0.7450294171981207
Solar,radiacao_solar_wm2,1000.0,1050.0,897,0.5759171115731087,0.45796625380209904,0.7712673183027116
Solar,radiacao_solar_wm2,1050.0,1100.0,76,0.6068225941425741,0.4978215000137013,0.827860102158549
