mes,ponto_id,uf,tipo_ponto,horas,vento_100m_observado_kmh,erro_medio_absoluto_vento_100m_kmh,vies_vento_100m_kmh,radiacao_observada_wm2,erro_medio_absoluto_radiacao_wm2,vies_radiacao_wm2,erro_medio_absoluto_temperatura_c
2024-10-01,ba-eolica,BA,eolica,744,21.112365591397865,3.32943548387097,1.0235215053763451,525.1017369727048,55.45657568238214,0.9751861042183623,0.651209677419355
2024-10-01,ba-solar,BA,solar,744,14.936290322580655,7.081451612903221,6.495161290322582,519.4292803970224,48.55086848635236,10.58560794044665,0.9125
2024-10-01,ce-eolica,CE,eolica,744,26.580107526881736,3.3529569892473106,-2.420161290322579,477.70223325062034,53.65260545905707,10.20347394540943,0.5313172043010757
2024-10-01,ce-solar,CE,solar,744,23.82499999999999,3.0055107526881724,-0.8461021505376344,536.1240694789082,39.32009925558312,15.528535980148883,0.525940860215054
2024-10-01,fortaleza,CE,capital,744,29.351075268817233,3.6047043010752673,3.1587365591397853,508.3151364764268,39.40198511166253,12.612903225806452,0.5291666666666675
2024-10-01,pb-eolica,PB,eolica,744,30.928225806451586,4.035752688172044,-1.9865591397849478,522.9727047146401,54.29528535980149,40.21091811414392,0.6868279569892475
2024-10-01,pb-solar,PB,solar,744,21.789650537634405,3.4262096774193527,0.4229838709677417,533.3697270471464,48.16377171215881,22.52605459057072,0.6572580645161292
2024-10-01,pe-eolica,PE,eolica,744,17.399731182795694,3.344220430107527,0.056854838709677356,537.3126550868486,50.09429280397023,-10.079404466501241,0.6943548387096772
2024-10-01,pe-solar,PE,solar,744,19.818951612903213,3.25322580645161,-0.7215053763440852,551.1265508684863,35.563275434243174,5.875930521091812,0.7412634408602145
2024-10-01,pi-eolica,PI,eolica,744,25.12822580645161,3.404569892473119,-1.055913978494622,542.7096774193549,42.732009925558316,14.568238213399503,0.9369623655913996
2024-10-01,pi-solar,PI,solar,744,20.02083333333332,5.01008064516129,-1.2299731182795703,518.3002481389578,45.059553349875934,-5.486352357320099,1.1071236559139783
2024-10-01,recife,PE,capital,744,19.962365591397855,2.621774193548387,-0.3392473118279568,512.0471464019851,48.45409429280397,-18.83622828784119,0.7522849462365608
2024-10-01,rn-eolica,RN,eolica,744,34.39301075268819,3.5801075268817146,-2.1760752688172045,500.7196029776675,61.650124069478906,33.03473945409429,0.48454301075268863
2024-10-01,rn-solar,RN,solar,744,26.864112903225834,4.212500000000002,-1.274059139784947,516.2555831265508,52.297766749379655,27.141439205955336,0.6942204301075268
2024-10-01,salvador,BA,capital,744,22.665456989247286,4.407930107526884,-3.734005376344086,501.64516129032256,65.04218362282879,-43.06699751861042,0.511155913978495
2024-11-01,ba-eolica,BA,eolica,720,18.622500000000002,3.762222222222218,1.631388888888889,486.5205128205128,78.9,-33.48974358974359,1.0194444444444446
2024-11-01,ba-solar,BA,solar,720,14.03152777777778,6.28986111111111,4.724305555555549,489.65641025641025,85.39487179487179,-32.01025641025641,1.0361111111111114
2024-11-01,ce-eolica,CE,eolica,720,23.70125000000001,2.972777777777776,-0.3899999999999991,506.46153846153845,35.34102564102564,-4.1923076923076925,0.49916666666666654
2024-11-01,ce-solar,CE,solar,720,23.76166666666665,3.042361111111114,-0.9909722222222226,551.376923076923,26.456410256410255,5.297435897435897,0.5216666666666672
2024-11-01,fortaleza,CE,capital,720,26.85583333333332,4.540555555555563,4.062500000000002,523.1051282051282,26.023076923076925,-0.9256410256410257,0.602638888888889
2024-11-01,pb-eolica,PB,eolica,720,30.612777777777794,3.6715277777777766,-1.8412499999999983,560.1692307692308,33.56410256410256,13.353846153846154,0.7276388888888888
2024-11-01,pb-solar,PB,solar,720,22.10694444444441,3.43875,0.5070833333333328,559.9153846153846,34.94871794871795,3.8461538461538463,0.6119444444444447
2024-11-01,pe-eolica,PE,eolica,720,17.353055555555535,3.953333333333334,0.9424999999999985,549.7025641025641,54.31025641025641,-29.274358974358975,0.8281944444444449
2024-11-01,pe-solar,PE,solar,720,18.144722222222217,4.124722222222223,0.9750000000000004,552.0153846153846,48.07692307692308,-13.887179487179488,0.8976388888888891
2024-11-01,pi-eolica,PI,eolica,720,22.06930555555556,3.9825000000000013,-0.34222222222222143,520.8589743589744,61.34102564102564,-13.361538461538462,0.9926388888888901
2024-11-01,pi-solar,PI,solar,720,16.65694444444443,5.338750000000004,-2.302083333333335,464.6,84.87435897435897,-28.546153846153846,1.1016666666666681
2024-11-01,recife,PE,capital,720,20.373749999999994,2.4822222222222257,0.4861111111111112,515.570707070707,52.638888888888886,-17.744949494949495,0.6572222222222225
2024-11-01,rn-eolica,RN,eolica,720,33.452361111111074,3.018472222222221,-1.8570833333333339,520.4666666666667,53.87435897435898,25.746153846153845,0.6343055555555553
2024-11-01,rn-solar,RN,solar,720,26.3136111111111,4.667361111111109,-0.31708333333333366,527.0230769230769,40.41025641025641,24.128205128205128,0.9312500000000011
2024-11-01,salvador,BA,capital,720,21.98694444444445,4.1005555555555535,-2.3233333333333337,492.1974358974359,100.2102564102564,-78.63589743589743,0.5672222222222225
2024-12-01,ba-eolica,BA,eolica,744,19.6143817204301,3.3349462365591385,1.6266129032258065,546.8832116788321,56.43065693430657,-16.956204379562045,1.0556451612903233
2024-12-01,ba-solar,BA,solar,744,15.111021505376343,4.998924731182801,3.3142473118279567,540.6730769230769,50.83413461538461,-20.271634615384617,0.8912634408602148
2024-12-01,ce-eolica,CE,eolica,744,20.370295698924714,2.8706989247311823,1.469623655913979,468.287841191067,54.18610421836228,-27.277915632754343,0.720833333333333
2024-12-01,ce-solar,CE,solar,744,22.198924731182792,3.537768817204301,-0.6918010752688171,502.94044665012404,47.41935483870968,8.416873449131513,0.8669354838709686
2024-12-01,fortaleza,CE,capital,744,23.48158602150539,5.080241935483867,4.954704301075266,495.3622828784119,40.75682382133995,-14.444168734491315,0.6458333333333327
2024-12-01,pb-eolica,PB,eolica,744,28.381720430107514,3.2474462365591377,0.4729838709677418,504.5558312655087,52.18362282878412,25.017369727047146,0.7349462365591412
2024-12-01,pb-solar,PB,solar,744,20.883870967741913,3.9522849462365603,0.8549731182795701,518.2779156327543,49.8014888337469,0.913151364764268,1.0001344086021529
2024-12-01,pe-eolica,PE,eolica,744,16.84502688172044,3.4172043010752695,1.2021505376344073,542.575682382134,56.096774193548384,-24.55334987593052,0.6875000000000007
2024-12-01,pe-solar,PE,solar,744,16.977419354838695,4.414381720430102,1.1775537634408604,543.0719602977667,51.23076923076923,-3.4193548387096775,0.8461021505376347
2024-12-01,pi-eolica,PI,eolica,744,19.15416666666666,4.545161290322579,-0.3798387096774187,518.2034739454094,54.35732009925558,-6.0496277915632755,0.8290322580645164
2024-12-01,pi-solar,PI,solar,744,11.740322580645156,5.038440860215051,-1.3733870967741937,467.85748792270533,74.95410628019323,-33.34057971014493,1.1522849462365579
2024-12-01,recife,PE,capital,744,18.8782258064516,2.5724462365591414,0.6450268817204304,514.5682382133995,51.91315136476427,-26.647642679900745,0.7581989247311843
2024-12-01,rn-eolica,RN,eolica,744,29.995698924731144,3.041263440860215,0.593145161290321,478.6377171215881,54.359801488833746,16.057071960297765,0.663037634408603
2024-12-01,rn-solar,RN,solar,744,22.428360215053768,4.8125000000000036,1.8571236559139768,477.6848635235732,56.593052109181144,28.83622828784119,1.2087365591397854
2024-12-01,salvador,BA,capital,744,22.32137096774195,3.213037634408603,-1.8221774193548372,556.0545905707196,51.779156327543426,-28.995037220843674,0.5415322580645161
2025-01-01,ba-eolica,BA,eolica,744,15.029704301075252,4.447983870967745,1.2479838709677415,457.49769585253455,78.58064516129032,-20.419354838709676,0.9642473118279578
2025-01-01,ba-solar,BA,solar,744,10.75456989247311,4.360080645161293,1.400403225806452,444.78801843317973,74.07834101382488,-15.926267281105991,1.0561827956989258
2025-01-01,ce-eolica,CE,eolica,744,14.599731182795722,3.5266129032258036,-0.5268817204301073,402.7320099255583,84.64267990074441,-20.017369727047146,0.9767473118279572
2025-01-01,ce-solar,CE,solar,744,16.653494623655924,4.072983870967738,0.10873655913978532,478.59801488833745,67.83374689826303,-32.54342431761786,0.9645161290322588
2025-01-01,fortaleza,CE,capital,744,16.499193548387105,3.6991935483870995,1.009946236559141,458.9429280397022,75.40694789081886,-42.8560794044665,0.8470430107526887
2025-01-01,pb-eolica,PB,eolica,744,19.512499999999996,4.751881720430109,-0.32177419354838693,476.741935483871,77.41191066997519,-5.297766749379653,0.9228494623655917
2025-01-01,pb-solar,PB,solar,744,13.97741935483872,4.769220430107525,0.2947580645161287,504.85359801488835,60.635235732009924,-25.692307692307693,1.160887096774194
2025-01-01,pe-eolica,PE,eolica,744,13.529838709677426,3.5192204301075307,0.5818548387096772,512.302729528536,67.27295285359801,-35.94292803970223,0.9267473118279571
2025-01-01,pe-solar,PE,solar,744,13.222983870967747,4.420430107526884,-0.45752688172043054,501.2109181141439,81.02977667493796,-43.09925558312655,1.2038978494623656
2025-01-01,pi-eolica,PI,eolica,744,12.753494623655913,4.754569892473124,-0.34005376344085986,411.6515513126492,98.06443914081146,-7.801909307875895,1.2349462365591395
2025-01-01,pi-solar,PI,solar,744,10.152150537634409,4.822311827956986,-2.5043010752688186,393.1462829736211,96.05755395683454,-3.0551558752997603,1.0408602150537631
2025-01-01,recife,PE,capital,744,15.466397849462366,2.7381720430107537,0.16666666666666677,485.98511166253104,61.49131513647643,-6.15136476426799,0.9267473118279578
2025-01-01,rn-eolica,RN,eolica,744,22.281317204301093,3.9348118279569912,0.741263440860215,464.8287841191067,76.71464019851116,-23.11166253101737,0.9348118279569897
2025-01-01,rn-solar,RN,solar,744,17.21021505376346,4.8346774193548345,1.384139784946237,471.7816377171216,67.64019851116625,1.1687344913151365,1.1340053763440847
2025-01-01,salvador,BA,capital,744,18.828360215053774,3.8607526881720466,-2.229032258064517,511.49131513647643,71.712158808933,-50.67990074441688,0.6840053763440872
2025-02-01,ba-eolica,BA,eolica,672,22.224107142857143,3.488988095238095,2.4348214285714267,512.425641025641,55.68205128205128,-27.543589743589745,0.6354166666666674
2025-02-01,ba-solar,BA,solar,672,17.68288690476192,5.85282738095238,5.426339285714284,519.9343832020998,58.68766404199475,-22.078740157480315,0.7093750000000004
2025-02-01,ce-eolica,CE,eolica,672,13.93050595238094,4.299255952380942,1.428720238095239,414.8873626373626,98.51923076923077,-17.326923076923077,1.3635416666666678
2025-02-01,ce-solar,CE,solar,672,16.909226190476186,5.038839285714282,-0.14389880952380962,515.5439560439561,67.66483516483517,-33.32967032967033,0.9479166666666679
2025-02-01,fortaleza,CE,capital,672,17.91741071428573,4.754017857142851,3.43467261904762,459.06868131868134,86.48076923076923,-35.0521978021978,1.077529761904763
2025-02-01,pb-eolica,PB,eolica,672,29.43184523809527,4.241964285714289,-0.7360119047619048,503.7087912087912,57.24175824175824,9.340659340659341,0.6403273809523812
2025-02-01,pb-solar,PB,solar,672,18.19553571428572,4.437351190476189,0.7933035714285714,517.1236263736264,57.90384615384615,-13.486263736263735,0.9375000000000003
2025-02-01,pe-eolica,PE,eolica,672,15.911309523809528,3.0739583333333322,-0.00431547619047622,504.34065934065933,69.01373626373626,-34.89835164835165,0.8367559523809524
2025-02-01,pe-solar,PE,solar,672,18.083928571428558,4.131696428571431,1.373065476190477,531.9807692307693,65.06318681318682,-28.046703296703296,1.0087797619047632
2025-02-01,pi-eolica,PI,eolica,672,21.925,3.9623511904761894,1.1986607142857142,516.2413793103449,48.47480106100796,4.803713527851459,0.7578869047619046
2025-02-01,pi-solar,PI,solar,672,14.258779761904764,5.04345238095238,-1.236904761904762,488.5054945054945,77.02747252747253,-17.087912087912088,1.1645833333333349
2025-02-01,recife,PE,capital,672,18.265327380952378,2.9153273809523816,-0.1433035714285713,507.00274725274727,61.03846153846154,-36.532967032967036,0.9325892857142861
2025-02-01,rn-eolica,RN,eolica,672,26.854166666666668,3.8013392857142865,1.1376488095238078,465.1923076923077,64.21428571428571,12.763736263736265,0.8168154761904773
2025-02-01,rn-solar,RN,solar,672,17.647470238095252,5.093601190476194,0.7986607142857138,483.8598901098901,59.527472527472526,5.686813186813187,1.357440476190477
2025-02-01,salvador,BA,capital,672,18.355952380952363,3.2319940476190476,-1.700744047619046,528.1181318681319,73.36813186813187,-54.582417582417584,0.6181547619047623
2025-03-01,ba-eolica,BA,eolica,744,21.02231182795697,3.747849462365589,2.1639784946236533,559.1093333333333,57.97866666666667,-17.68,0.7772849462365602
2025-03-01,ba-solar,BA,solar,744,16.028629032258085,5.306317204301076,4.4151881720430115,556.272,65.51466666666667,-26.805333333333333,0.8064516129032252
2025-03-01,ce-eolica,CE,eolica,744,11.694354838709671,3.6931451612903228,0.8423387096774186,389.93052109181144,104.5409429280397,-37.92059553349876,1.355376344086022
2025-03-01,ce-solar,CE,solar,744,15.574731182795688,4.211021505376346,0.018817204301075183,490.394540942928,75.95037220843672,-50.878411910669975,0.9041666666666666
2025-03-01,fortaleza,CE,capital,744,15.794086021505374,4.335887096774193,2.656317204301073,431.2059553349876,110.80397022332507,-60.0893300248139,1.1740591397849451
2025-03-01,pb-eolica,PB,eolica,744,26.20887096774191,4.708333333333332,-0.8142473118279577,490.7667493796526,64.79404466501241,-5.4987593052109185,0.8856182795698927
2025-03-01,pb-solar,PB,solar,744,15.528897849462348,4.866801075268817,1.283736559139784,509.80397022332505,64.56823821339951,-30.622828784119108,1.2635752688172044
2025-03-01,pe-eolica,PE,eolica,744,15.222849462365568,3.4627688172042994,0.9821236559139794,515.5583126550869,61.98263027295285,-32.27047146401985,0.7344086021505384
2025-03-01,pe-solar,PE,solar,744,15.951747311827955,4.097311827956992,1.2005376344086023,520.5831265508685,61.56575682382134,-35.71464019851117,1.0813172043010768
2025-03-01,pi-eolica,PI,eolica,744,19.432392473118284,4.095161290322584,0.9435483870967739,501.9201995012469,70.06234413965088,4.940149625935162,0.9348118279569901
2025-03-01,pi-solar,PI,solar,744,13.088844086021494,4.830510752688168,-2.3071236559139807,500.7434554973822,87.15706806282722,-46.57068062827225,1.0907258064516145
2025-03-01,recife,PE,capital,744,17.379569892473114,2.918145161290322,-0.4536290322580641,503.2258064516129,68.31761786600497,-49.007444168734494,0.9501344086021507
2025-03-01,rn-eolica,RN,eolica,744,24.977822580645157,4.000806451612903,1.0131720430107531,468.09925558312653,75.74441687344913,-34.96029776674938,0.9033602150537636
2025-03-01,rn-solar,RN,solar,744,15.404301075268815,5.315053763440859,2.172043010752689,474.59801488833745,73.92059553349876,-26.93300248138958,1.1076612903225815
2025-03-01,salvador,BA,capital,744,18.150134408602153,2.956182795698921,-1.4287634408602155,514.5186104218362,54.878411910669975,-41.101736972704714,0.6750000000000002
2025-04-01,ba-eolica,BA,eolica,720,17.795277777777773,3.1469444444444403,1.1105555555555555,489.10277777777776,69.16388888888889,-24.06388888888889,0.8648611111111124
2025-04-01,ba-solar,BA,solar,720,13.493333333333332,5.301388888888889,3.7469444444444426,501.40277777777777,56.61944444444445,-22.336111111111112,0.9143055555555554
2025-04-01,ce-eolica,CE,eolica,720,11.329305555555552,3.8023611111111113,1.3370833333333343,412.1384615384615,85.09487179487179,-42.63846153846154,1.4259722222222229
2025-04-01,ce-solar,CE,solar,720,15.59055555555554,4.2779166666666715,-0.30208333333333315,487.55641025641023,67.83846153846154,-43.44358974358974,0.7773611111111116
2025-04-01,fortaleza,CE,capital,720,14.796527777777783,4.670694444444441,3.7593055555555566,453.33076923076925,84.42820512820512,-53.57179487179487,1.109305555555556
2025-04-01,pb-eolica,PB,eolica,720,24.481944444444466,4.683888888888892,-2.4725000000000006,490.54615384615386,49.758974358974356,-16.682051282051283,0.8666666666666683
2025-04-01,pb-solar,PB,solar,720,15.025000000000013,4.665972222222219,-0.3287500000000001,494.3692307692308,46.715384615384615,-18.807692307692307,1.0912499999999998
2025-04-01,pe-eolica,PE,eolica,720,14.244027777777786,3.5587499999999976,0.020138888888888873,481.4923076923077,51.251282051282054,-10.343589743589744,0.7526388888888882
2025-04-01,pe-solar,PE,solar,720,14.697222222222212,4.471249999999996,0.14986111111111092,485.2435897435897,42.16923076923077,-5.112820512820512,0.9923611111111128
2025-04-01,pi-eolica,PI,eolica,720,17.07819444444446,4.346111111111112,1.422222222222221,495.82474226804123,40.48711340206186,-11.693298969072165,1.4540277777777795
2025-04-01,pi-solar,PI,solar,720,12.559444444444438,4.6384722222222186,-2.4231944444444466,492.3638888888889,60.24722222222222,-14.947222222222223,1.0727777777777778
2025-04-01,recife,PE,capital,720,15.530277777777798,2.713611111111107,-0.007499999999999407,479.1923076923077,56.48974358974359,-40.45384615384615,0.879583333333334
2025-04-01,rn-eolica,RN,eolica,720,24.39999999999997,4.074305555555551,0.9429166666666657,455.62051282051283,66.34102564102564,-17.464102564102564,0.7359722222222227
2025-04-01,rn-solar,RN,solar,720,16.250416666666652,4.557777777777778,0.8433333333333323,478.7435897435897,56.43333333333333,-22.997435897435896,0.8415277777777774
2025-04-01,salvador,BA,capital,720,16.26166666666668,3.5559722222222208,-1.8359722222222208,446.125641025641,83.58717948717948,-67.8076923076923,0.7387500000000009
2025-05-01,ba-eolica,BA,eolica,744,24.687231182795706,2.7211021505376327,0.6624999999999996,395.9005376344086,76.45967741935483,-32.104838709677416,0.579704301075269
2025-05-01,ba-solar,BA,solar,744,20.562500000000025,5.448521505376347,5.236424731182801,433.01344086021504,66.50537634408602,-36.344086021505376,0.7274193548387103
2025-05-01,ce-eolica,CE,eolica,744,16.16505376344087,3.64018817204301,1.6498655913978502,433.5558312655087,63.64764267990074,-35.464019851116625,1.1069892473118292
2025-05-01,ce-solar,CE,solar,744,18.65067204301074,4.558064516129027,-1.3642473118279568,452.6898263027295,58.732009925558316,-39.45657568238214,0.9532258064516124
2025-05-01,fortaleza,CE,capital,744,20.154301075268815,6.172043010752693,5.98870967741936,448.00992555831266,56.267990074441684,-33.712158808933005,1.1145161290322594
2025-05-01,pb-eolica,PB,eolica,744,31.148252688172057,3.807123655913979,-1.0624999999999998,405.19354838709677,62.78908188585608,21.255583126550867,0.6731182795698929
2025-05-01,pb-solar,PB,solar,744,20.43400537634408,4.34583333333333,-0.8047043010752695,421.2803970223325,61.32009925558312,-7.697270471464019,1.034543010752689
2025-05-01,pe-eolica,PE,eolica,744,16.81249999999997,3.227150537634411,-0.16236559139784962,374.5273631840796,85.49004975124379,-46.60945273631841,0.8338709677419359
2025-05-01,pe-solar,PE,solar,744,20.490994623655904,3.665994623655916,1.291532258064516,374.85359801488835,62.36724565756824,-13.870967741935484,0.8813172043010761
2025-05-01,pi-eolica,PI,eolica,744,29.271102150537626,3.0892473118279575,0.5849462365591407,409.5038560411311,54.6401028277635,17.868894601542415,0.7256720430107533
2025-05-01,pi-solar,PI,solar,744,22.848924731182798,4.256586021505379,0.9001344086021504,490.6290322580645,49.61021505376344,-28.443548387096776,0.9797043010752687
2025-05-01,recife,PE,capital,744,18.11129032258065,2.9338709677419375,0.8021505376344079,419.18567639257293,70.83289124668435,-52.19628647214854,1.0977150537634408
2025-05-01,rn-eolica,RN,eolica,744,29.22594086021505,3.670430107526876,0.755913978494624,423.67661691542287,48.63930348258707,-10.355721393034825,0.6615591397849466
2025-05-01,rn-solar,RN,solar,744,18.75873655913981,4.511155913978493,1.0079301075268814,430.44168734491313,47.593052109181144,-7.771712158808933,0.9594086021505392
2025-05-01,salvador,BA,capital,744,21.730376344086018,4.161559139784947,-2.46263440860215,351.1575,96.785,-84.64,0.751209677419355
2025-06-01,ba-eolica,BA,eolica,720,23.707916666666687,4.238888888888887,2.9544444444444453,380.7972222222222,50.08611111111111,22.90277777777778,0.6937500000000004
2025-06-01,ba-solar,BA,solar,720,19.505972222222233,5.394305555555551,4.710416666666661,413.05555555555554,41.577777777777776,7.661111111111111,0.8626388888888898
2025-06-01,ce-eolica,CE,eolica,720,19.031805555555554,4.295833333333328,-1.1461111111111109,402.73846153846154,47.50512820512821,-19.397435897435898,1.0011111111111102
2025-06-01,ce-solar,CE,solar,720,19.912638888888875,4.091111111111114,-0.501111111111111,416.3128205128205,58.13076923076923,-25.787179487179486,0.8033333333333345
2025-06-01,fortaleza,CE,capital,720,22.15805555555554,4.444027777777775,3.5381944444444446,418.3128205128205,42.333333333333336,-11.6,0.9372222222222233
2025-06-01,pb-eolica,PB,eolica,720,32.13763888888886,7.395277777777784,-6.464999999999999,369.55641025641023,56.684615384615384,18.592307692307692,2.312083333333332
2025-06-01,pb-solar,PB,solar,720,21.34763888888889,5.130416666666661,-1.978194444444448,388.08717948717947,53.766666666666666,-10.07948717948718,0.7952777777777779
2025-06-01,pe-eolica,PE,eolica,720,16.71263888888888,3.5527777777777745,-1.65138888888889,334.74615384615385,82.97435897435898,-57.46153846153846,0.9654166666666685
2025-06-01,pe-solar,PE,solar,720,21.11569444444444,3.148333333333327,1.2125,350.3617571059431,62.382428940568474,-24.527131782945737,0.5900000000000005
2025-06-01,pi-eolica,PI,eolica,720,29.78652777777779,2.826666666666666,1.466111111111112,399.5861111111111,61.19444444444444,31.211111111111112,0.7086111111111116
2025-06-01,pi-solar,PI,solar,720,26.07555555555554,5.885416666666665,-3.139305555555555,457.2611111111111,41.56666666666667,-2.683333333333333,1.3694444444444445
2025-06-01,recife,PE,capital,720,17.997916666666665,3.2401388888888922,-0.2262499999999999,377.02680965147454,93.39946380697052,-82.36997319034853,0.7380555555555561
2025-06-01,rn-eolica,RN,eolica,720,30.03402777777781,3.2288888888888865,-1.759999999999999,394.5820512820513,57.21025641025641,-10.64102564102564,0.6972222222222223
2025-06-01,rn-solar,RN,solar,720,20.21597222222225,4.471527777777779,1.3809722222222227,397.87948717948717,53.676923076923075,-13.015384615384615,0.9983333333333344
2025-06-01,salvador,BA,capital,720,21.28444444444444,5.14916666666667,-4.272222222222225,358.32311977715875,74.9275766016713,-49.06685236768802,0.6712500000000006
2025-07-01,ba-eolica,BA,eolica,744,23.116935483870964,4.446102150537632,3.930779569892469,393.38709677419354,64.8763440860215,32.67204301075269,0.6716397849462368
2025-07-01,ba-solar,BA,solar,744,19.24650537634408,5.0590053763440865,4.833736559139784,448.97849462365593,43.6505376344086,-4.370967741935484,0.7486559139784962
2025-07-01,ce-eolica,CE,eolica,744,19.399462365591397,4.401881720430108,-1.8276881720430116,416.00992555831266,47.46153846153846,-1.3325062034739454,0.8258064516129044
2025-07-01,ce-solar,CE,solar,744,20.751747311827955,4.588709677419354,-2.15483870967742,423.89303482587064,43.28358208955224,-7.626865671641791,0.8397849462365591
2025-07-01,fortaleza,CE,capital,744,22.973252688172025,3.5258064516129024,2.3938172043010764,438.5880893300248,41.13895781637717,-12.583126550868487,0.8497311827957004
2025-07-01,pb-eolica,PB,eolica,744,35.87204301075267,10.751209677419357,-10.518951612903233,383.3970223325062,55.03722084367246,30.878411910669975,2.3118279569892426
2025-07-01,pb-solar,PB,solar,744,22.1489247311828,5.381854838709669,-4.000134408602147,397.2133995037221,43.04218362282879,1.9602977667493797,0.7577956989247305
2025-07-01,pe-eolica,PE,eolica,744,17.572983870967736,3.058870967741932,-1.7634408602150535,359.43890274314214,70.23441396508728,-43.46633416458853,0.8306451612903248
2025-07-01,pe-solar,PE,solar,744,23.724731182795715,2.5721774193548383,-0.4170698924731186,360.73778920308484,53.84318766066838,11.740359897172237,0.6498655913978494
2025-07-01,pi-eolica,PI,eolica,744,30.683064516128994,2.519220430107524,1.1834677419354838,456.1317204301075,51.594086021505376,26.954301075268816,0.5266129032258072
2025-07-01,pi-solar,PI,solar,744,26.76196236559141,4.5180107526881725,-2.741129032258068,496.23655913978496,27.74462365591398,-7.513440860215054,1.0795698924731187
2025-07-01,recife,PE,capital,744,22.5236559139785,2.969892473118276,-1.8916666666666646,359.2487562189055,75.80348258706468,-57.00248756218905,0.6951612903225811
2025-07-01,rn-eolica,RN,eolica,744,32.34193548387095,4.765188172043012,-4.212231182795694,402.5781637717122,55.16625310173697,-8.36228287841191,0.787231182795699
2025-07-01,rn-solar,RN,solar,744,21.24811827956991,4.414784946236565,0.518279569892473,410.4491315136476,45.57320099255583,-10.957816377171216,0.9442204301075282
2025-07-01,salvador,BA,capital,744,21.195295698924728,4.007661290322581,-3.0420698924731195,354.1559139784946,70.00806451612904,-42.93279569892473,0.6747311827957001
2025-08-01,ba-eolica,BA,eolica,744,23.972580645161294,4.320967741935485,3.7975806451612892,475.2983870967742,54.193548387096776,17.989247311827956,0.6154569892473125
2025-08-01,ba-solar,BA,solar,744,19.707930107526888,5.653494623655911,5.1344086021505335,509.4139784946237,44.053763440860216,-14.446236559139784,0.6780913978494637
2025-08-01,ce-eolica,CE,eolica,744,22.3891129032258,4.46061827956989,-2.515456989247312,473.77171215880895,35.27047146401985,1.6377171215880892,0.7233870967741937
2025-08-01,ce-solar,CE,solar,744,22.79758064516131,3.9622311827956977,-1.997177419354839,481.3126550868486,35.054590570719604,1.9627791563275434,0.7091397849462371
2025-08-01,fortaleza,CE,capital,744,25.831451612903233,3.422043010752687,2.6758064516129014,494.0570719602978,27.436724565756823,-6.0471464019851116,0.7998655913978496
2025-08-01,pb-eolica,PB,eolica,744,36.18494623655914,8.940188172043014,-8.664112903225814,441.14143920595535,50.20595533498759,21.392059553349878,2.5345430107526865
2025-08-01,pb-solar,PB,solar,744,24.01935483870964,5.0611559139784905,-3.117607526881722,451.1017369727047,47.47642679900744,1.0148883374689825,0.7592741935483873
2025-08-01,pe-eolica,PE,eolica,744,18.81048387096775,3.521639784946233,-1.8831989247311816,374.37468982630276,75.73697270471465,-7.841191066997519,0.9580645161290331
2025-08-01,pe-solar,PE,solar,744,24.705779569892492,2.8432795698924758,-0.5521505376344087,399.17456359102243,66.68827930174564,16.60349127182045,0.8245967741935484
2025-08-01,pi-eolica,PI,eolica,744,30.860349462365605,2.698655913978495,0.16317204301075297,498.46194225721786,39.99475065616798,9.511811023622048,0.59516129032258
2025-08-01,pi-solar,PI,solar,744,27.57674731182793,5.1217741935483785,-3.5548387096774148,542.3467741935484,23.303763440860216,-13.39516129032258,1.082258064516129
2025-08-01,recife,PE,capital,744,21.086827956989254,3.0134408602150518,-1.4053763440860207,412.85111662531017,84.55831265508685,-70.2258064516129,0.8530913978494629
2025-08-01,rn-eolica,RN,eolica,744,33.54489247311828,4.289919354838708,-3.006586021505373,443.6848635235732,58.297766749379655,16.233250620347395,0.7029569892473129
2025-08-01,rn-solar,RN,solar,744,23.297043010752674,4.1809139784946225,-0.531989247311828,461.5334987593052,47.62779156327544,1.1364764267990075,0.8635752688172055
2025-08-01,salvador,BA,capital,744,22.095026881720415,4.769220430107532,-3.895026881720433,430.46153846153845,94.84615384615384,-89.94871794871794,0.7331989247311838
2025-09-01,ba-eolica,BA,eolica,720,26.079861111111107,3.700972222222219,3.0670833333333367,491.8036175710594,46.571059431524546,27.041343669250647,0.6162500000000001
2025-09-01,ba-solar,BA,solar,720,21.855416666666645,4.901388888888884,4.525000000000001,516.2051948051948,37.70649350649351,14.657142857142857,0.6126388888888896
2025-09-01,ce-eolica,CE,eolica,720,25.246111111111112,4.714305555555559,-3.0448611111111132,509.15384615384613,36.66410256410256,11.176923076923076,0.7312500000000008
2025-09-01,ce-solar,CE,solar,720,26.08875,4.301111111111113,-2.9050000000000007,501.5692307692308,44.54871794871795,31.205128205128204,0.6744444444444451
2025-09-01,fortaleza,CE,capital,720,28.552361111111132,3.3779166666666667,2.3259722222222217,529.1666666666666,24.74102564102564,2.746153846153846,0.8002777777777775
2025-09-01,pb-eolica,PB,eolica,720,39.388611111111125,8.945694444444438,-8.703749999999998,467.53076923076924,69.76153846153846,55.41794871794872,2.4824999999999977
2025-09-01,pb-solar,PB,solar,720,27.88222222222223,5.27861111111111,-3.6475000000000035,476.20512820512823,57.99487179487179,33.52820512820513,0.5919444444444447
2025-09-01,pe-eolica,PE,eolica,720,20.893472222222222,4.045000000000001,-2.2563888888888877,428.6179487179487,75.25897435897436,-26.5,0.9694444444444454
2025-09-01,pe-solar,PE,solar,720,25.70638888888886,2.7809722222222217,-0.19625000000000017,433.4846153846154,66.48717948717949,28.03076923076923,0.7901388888888903
2025-09-01,pi-eolica,PI,eolica,720,32.18791666666665,2.7147222222222247,-1.1566666666666672,509.3666666666667,46.15384615384615,32.16410256410256,0.6172222222222226
2025-09-01,pi-solar,PI,solar,720,28.907499999999995,5.046527777777773,-3.546527777777779,549.8552631578947,28.08157894736842,-8.41842105263158,0.9136111111111115
2025-09-01,recife,PE,capital,720,25.252916666666696,2.952916666666664,-2.0973611111111126,471.96153846153845,74.37435897435897,-60.84102564102564,0.7991666666666672
2025-09-01,rn-eolica,RN,eolica,720,36.75333333333336,4.670000000000002,-3.38666666666667,470.46923076923076,69.85641025641026,46.764102564102565,0.5687499999999999
2025-09-01,rn-solar,RN,solar,720,26.59013888888888,4.208888888888887,-1.3599999999999992,485.0025641025641,54.187179487179485,30.92051282051282,0.7091666666666673
2025-09-01,salvador,BA,capital,720,24.807777777777762,4.95361111111111,-4.409722222222219,448.95641025641027,70.86153846153846,-45.46153846153846,0.6138888888888896
2025-10-01,ba-eolica,BA,eolica,744,25.843951612903243,2.337768817204297,0.08051075268817214,509.27047146401986,45.08684863523573,-3.3101736972704714,0.5080645161290319
2025-10-01,ba-solar,BA,solar,744,21.281586021505365,2.2940860215053758,0.24865591397849462,528.0570719602978,30.503722084367247,7.451612903225806,0.5071236559139786
2025-10-01,ce-eolica,CE,eolica,744,25.482392473118264,1.919220430107527,0.16760752688172018,527.5012406947891,24.990074441687344,-5.784119106699752,0.31370967741935396
2025-10-01,ce-solar,CE,solar,744,25.895026881720433,3.051344086021504,-0.05645161290322594,541.8213399503722,24.83622828784119,6.096774193548387,0.4862903225806453
2025-10-01,fortaleza,CE,capital,744,29.309543010752687,1.9909946236559122,0.6724462365591398,543.8511166253102,20.667493796526056,-5.610421836228288,0.22338709677419336
2025-10-01,pb-eolica,PB,eolica,744,38.05416666666664,2.419354838709678,0.3282258064516129,535.3895781637717,40.245657568238215,-1.347394540942928,0.44825268817204317
2025-10-01,pb-solar,PB,solar,744,26.72607526881715,2.7236559139784977,-0.25994623655913957,544.287841191067,35.712158808933005,5.13151364764268,0.4705645161290323
2025-10-01,pe-eolica,PE,eolica,744,19.956317204301058,2.1467741935483873,-0.028225806451612826,501.2059553349876,63.29528535980149,-16.903225806451612,0.5544354838709671
2025-10-01,pe-solar,PE,solar,744,23.917069892473148,2.6401881720430103,-0.023521505376344287,532.5508684863523,38.421836228287845,5.875930521091812,0.5556451612903229
2025-10-01,pi-eolica,PI,eolica,744,31.049999999999972,2.566532258064517,0.5420698924731179,549.9503722084368,24.86848635235732,4.401985111662531,0.5193548387096778
2025-10-01,pi-solar,PI,solar,744,27.181720430107543,3.0380376344085995,0.267338709677419,533.2506203473945,28.878411910669975,-2.699751861042184,0.5706989247311836
2025-10-01,recife,PE,capital,744,23.12284946236558,1.8764784946236546,0.05873655913978494,516.8660049627791,37.22828784119107,-14.945409429280398,0.42553763440860193
2025-10-01,rn-eolica,RN,eolica,744,38.107123655913924,2.242338709677418,0.45846774193548423,524.0521091811414,48.70471464019851,-16.789081885856078,0.42231182795698924
2025-10-01,rn-solar,RN,solar,744,27.038172043010753,2.4940860215053737,0.2674731182795701,521.2084367245658,33.392059553349874,-1.9627791563275434,0.4918010752688179
2025-10-01,salvador,BA,capital,744,25.380779569892507,2.4370967741935474,0.15698924731182815,472.05955334987596,42.188585607940446,2.9627791563275436,0.4131720430107522
2025-11-01,ba-eolica,BA,eolica,720,18.585555555555576,3.0574999999999966,0.16527777777777788,483.46153846153845,79.21282051282051,1.8794871794871795,0.7915277777777779
2025-11-01,ba-solar,BA,solar,720,14.768194444444452,3.3625000000000007,0.3275000000000006,483.2564102564103,69.2974358974359,11.297435897435898,0.8515277777777777
2025-11-01,ce-eolica,CE,eolica,720,22.478611111111114,1.7073611111111127,0.10430555555555558,492.8410256410256,36.03846153846154,-0.19230769230769232,0.35888888888888837
2025-11-01,ce-solar,CE,solar,720,24.103194444444444,2.5624999999999996,0.2963888888888893,523.5230769230769,33.04102564102564,6.333333333333333,0.47444444444444395
2025-11-01,fortaleza,CE,capital,720,25.95555555555554,1.8373611111111134,0.34430555555555603,516.3974358974359,26.423076923076923,-0.782051282051282,0.2605555555555552
2025-11-01,pb-eolica,PB,eolica,720,29.044999999999945,2.4483333333333315,0.3641666666666664,550.6717948717949,34.07948717948718,7.361538461538461,0.45236111111111094
2025-11-01,pb-solar,PB,solar,720,22.10861111111111,3.0911111111111085,0.10833333333333352,549.5923076923077,34.156410256410254,8.7,0.4819444444444446
2025-11-01,pe-eolica,PE,eolica,720,17.75569444444447,3.0443055555555576,-0.17486111111111094,561.4820512820513,35.85641025641026,-0.39487179487179486,0.4851388888888897
2025-11-01,pe-solar,PE,solar,720,19.047916666666644,3.4304166666666673,-0.4559722222222224,554.8076923076923,34.36666666666667,3.976923076923077,0.4841666666666674
2025-11-01,pi-eolica,PI,eolica,720,22.200972222222198,3.494166666666667,0.10333333333333321,527.4589743589744,38.292307692307695,8.646153846153846,0.6170833333333339
2025-11-01,pi-solar,PI,solar,720,17.104861111111095,4.039861111111108,-0.23013888888888873,483.6794871794872,55.00769230769231,14.1,0.9204166666666668
2025-11-01,recife,PE,capital,720,19.504583333333333,1.935972222222222,0.4390277777777774,525.856783919598,43.630653266331656,-19.776381909547737,0.40777777777777796
2025-11-01,rn-eolica,RN,eolica,720,32.49777777777777,2.221805555555553,0.6579166666666667,523.9538461538461,44.54358974358974,4.123076923076923,0.4312500000000006
2025-11-01,rn-solar,RN,solar,720,24.769722222222224,2.745138888888889,0.914583333333333,517.8051282051282,37.01538461538462,6.482051282051282,0.555138888888889
2025-11-01,salvador,BA,capital,720,21.886249999999972,3.4168055555555554,-0.48375000000000007,494.94615384615383,44.66153846153846,-1.0974358974358975,0.36694444444444396
2025-12-01,ba-eolica,BA,eolica,744,17.84596774193548,2.9819892473118297,-0.4567204301075273,507.2773722627737,61.669099756691,10.379562043795621,0.647580645161291
2025-12-01,ba-solar,BA,solar,744,12.643145161290338,3.2291666666666683,0.16276881720430103,495.99757869249396,68.53995157384988,-4.326876513317191,0.8634408602150545
2025-12-01,ce-eolica,CE,eolica,744,20.82083333333335,2.2579301075268807,-0.16706989247311854,467.7692307692308,46.30272952853598,-4.650124069478908,0.517876344086022
2025-12-01,ce-solar,CE,solar,744,23.443951612903234,2.9161290322580617,2.0055641735164118E-16,481.6650124069479,47.10669975186104,12.426799007444169,0.5364247311827953
2025-12-01,fortaleza,CE,capital,744,24.521370967741923,1.8657258064516125,0.07002688172043017,498.69727047146404,33.22828784119107,-0.5235732009925558,0.3813172043010748
2025-12-01,pb-eolica,PB,eolica,744,27.229838709677374,2.922043010752684,0.46021505376344113,511.0496277915633,53.16129032258065,-4.719602977667494,0.5044354838709685
2025-12-01,pb-solar,PB,solar,744,20.50900537634408,3.231854838709679,0.1764784946236559,509.90818858560795,44.07940446650124,5.320099255583126,0.5771505376344097
2025-12-01,pe-eolica,PE,eolica,744,16.358064516129048,2.9306451612903204,-0.022849462365591426,532.908188585608,49.92803970223325,-4.960297766749379,0.5588709677419356
2025-12-01,pe-solar,PE,solar,744,16.44663978494624,4.2197580645161334,0.015456989247311727,517.6327543424318,47.72208436724566,0.7295285359801489,0.7071236559139785
2025-12-01,pi-eolica,PI,eolica,744,16.522043010752697,4.374193548387097,0.3795698924731186,471.6650124069479,63.578163771712155,15.821339950372208,0.8544354838709673
2025-12-01,pi-solar,PI,solar,744,12.00309139784946,4.297446236559139,0.13212365591397865,421.45873786407765,81.52912621359224,4.771844660194175,0.8716397849462387
2025-12-01,recife,PE,capital,744,18.92916666666666,1.9043010752688176,0.32903225806451597,519.439205955335,47.707196029776675,-14.833746898263028,0.44153225806451535
2025-12-01,rn-eolica,RN,eolica,744,31.082930107526852,2.1858870967741924,0.26760752688172057,492.40694789081886,52.44913151364764,-2.3945409429280398,0.4896505376344087
2025-12-01,rn-solar,RN,solar,744,23.702150537634406,2.6018817204301086,0.5497311827956991,491.50372208436727,45.54838709677419,-0.48635235732009924,0.5350806451612898
2025-12-01,salvador,BA,capital,744,21.838978494623646,2.66801075268817,0.1336021505376345,541.1687344913151,41.064516129032256,7.92803970223325,0.36397849462365595
2026-01-01,ba-eolica,BA,eolica,744,18.94825268817205,2.9834677419354816,-0.4840053763440862,458.2281105990783,69.17511520737327,7.2949308755760365,0.6190860215053773
2026-01-01,ba-solar,BA,solar,744,14.298924731182801,2.849865591397848,0.0509408602150536,466.3271889400922,65.33870967741936,18.96082949308756,0.811155913978497
2026-01-01,ce-eolica,CE,eolica,744,19.656854838709663,2.4495967741935476,-0.47217741935483865,459.6923076923077,54.68982630272953,-8.610421836228287,0.65766129032258
2026-01-01,ce-solar,CE,solar,744,22.28682795698921,3.202419354838706,-0.15483870967741917,505.3970223325062,44.01985111662531,11.672456575682382,0.7297043010752694
2026-01-01,fortaleza,CE,capital,744,22.700403225806436,2.2467741935483847,-0.0669354838709677,486.454094292804,44.28535980148883,-5.88833746898263,0.5161290322580642
2026-01-01,pb-eolica,PB,eolica,744,28.162903225806467,2.7799731182795715,0.11088709677419332,516.1488833746898,58.16377171215881,5.45409429280397,0.6348118279569893
2026-01-01,pb-solar,PB,solar,744,21.280913978494638,3.5838709677419374,-0.20994623655913958,520.2258064516129,55.27543424317618,12.153846153846153,0.7870967741935496
2026-01-01,pe-eolica,PE,eolica,744,17.156586021505362,2.542204301075268,-0.17553763440860196,531.6625310173697,45.05210918114144,3.488833746898263,0.6106182795698926
2026-01-01,pe-solar,PE,solar,744,18.59771505376344,3.526344086021504,-0.4626344086021502,531.6699751861042,45.43920595533499,-1.5583126550868487,0.7543010752688178
2026-01-01,pi-eolica,PI,eolica,744,20.5141129032258,3.8474462365591386,-1.1495967741935489,473.8615751789976,58.5035799522673,10.45107398568019,0.7920698924731187
2026-01-01,pi-solar,PI,solar,744,15.629838709677408,4.1731182795698905,-1.0456989247311812,451.2535545023697,66.41232227488152,0.8909952606635071,0.8053763440860212
2026-01-01,recife,PE,capital,744,18.59059139784946,2.3918010752688166,0.07620967741935472,527.0521091811414,44.563275434243174,-8.920595533498759,0.4978494623655918
2026-01-01,rn-eolica,RN,eolica,744,29.230107526881742,2.7076612903225823,0.24260752688172027,486.28287841191064,54.58064516129032,-0.6600496277915633,0.5151881720430108
2026-01-01,rn-solar,RN,solar,744,22.849865591397855,2.7383064516129036,-0.14744623655913977,490.82382133995037,50.540942928039705,5.022332506203474,0.700806451612904
2026-01-01,salvador,BA,capital,744,19.598924731182816,2.886559139784947,0.2881720430107527,522.6923076923077,54.37717121588089,6.099255583126551,0.5221774193548386
2026-02-01,ba-eolica,BA,eolica,672,15.478869047619046,3.8373511904761908,-0.41235119047619034,453.921875,74.19270833333333,9.989583333333334,0.7910714285714286
2026-02-01,ba-solar,BA,solar,672,11.664285714285702,3.4751488095238057,-0.24419642857142906,446.5026455026455,84.56878306878306,15.785714285714286,1.0937500000000009
2026-02-01,ce-eolica,CE,eolica,672,13.14375,3.1327380952380977,-0.4122023809523811,420.8543956043956,76.13461538461539,-18.854395604395606,0.759821428571428
2026-02-01,ce-solar,CE,solar,672,15.154464285714296,3.7175595238095256,-0.1238095238095237,472.85164835164835,69.1978021978022,4.076923076923077,0.7590773809523815
2026-02-01,fortaleza,CE,capital,672,15.853720238095248,3.0221726190476184,-0.5379464285714288,459.1456043956044,68.06318681318682,1.3324175824175823,0.7828869047619053
2026-02-01,pb-eolica,PB,eolica,672,18.069345238095224,3.5794642857142853,0.20476190476190462,483.0576923076923,65.25274725274726,15.175824175824175,0.6395833333333327
2026-02-01,pb-solar,PB,solar,672,12.330803571428573,4.351785714285717,0.8717261904761904,485.7774725274725,68.68681318681318,26.04945054945055,0.8020833333333344
2026-02-01,pe-eolica,PE,eolica,672,12.90074404761905,3.691666666666667,0.5880952380952378,492.88186813186815,64.24450549450549,5.6291208791208796,0.8354166666666665
2026-02-01,pe-solar,PE,solar,672,12.738095238095262,4.6627976190476135,-0.07321428571428572,471.31043956043953,75.25549450549451,8.090659340659341,1.0309523809523813
2026-02-01,pi-eolica,PI,eolica,672,13.979315476190466,4.754166666666662,-1.1404761904761898,430.5885558583106,96.71389645776567,8.555858310626704,1.0840773809523814
2026-02-01,pi-solar,PI,solar,672,10.96904761904761,5.0416666666666625,-1.0366071428571435,417.04395604395603,110.17582417582418,-12.857142857142858,1.0744047619047634
2026-02-01,recife,PE,capital,672,14.780208333333348,2.8062499999999995,0.112202380952381,488.5137362637363,57.667582417582416,10.288461538461538,0.6581845238095245
2026-02-01,rn-eolica,RN,eolica,672,20.725446428571427,3.0992559523809513,0.11354166666666671,453.9725274725275,69.26373626373626,-10.203296703296703,0.8229166666666673
2026-02-01,rn-solar,RN,solar,672,16.09613095238094,3.3278273809523826,-0.08050595238095258,465.6373626373626,65.16758241758242,0.5851648351648352,0.7986607142857147
2026-02-01,salvador,BA,capital,672,17.745386904761897,3.1556547619047617,0.08363095238095249,478.9587912087912,69.9065934065934,17.807692307692307,0.6102678571428571
2026-03-01,ba-eolica,BA,eolica,744,17.01236559139786,3.4815860215053753,-0.16626344086021555,515.5,65.00268817204301,-5.776881720430108,0.6032258064516126
2026-03-01,ba-solar,BA,solar,744,11.399865591397846,3.4067204301075256,0.9911290322580646,497.7016129032258,66.54838709677419,13.274193548387096,0.7513440860215053
2026-03-01,ce-eolica,CE,eolica,744,11.667473118279585,3.6533602150537625,-0.1439516129032257,405.93548387096774,81.64516129032258,11.957816377171216,0.8665322580645162
2026-03-01,ce-solar,CE,solar,744,14.107392473118281,4.199462365591398,-0.37903225806451596,479.22828784119105,65.00248138957816,16.233250620347395,0.6697580645161288
2026-03-01,fortaleza,CE,capital,744,14.764516129032243,3.03978494623656,0.06612903225806441,469.52357320099253,58.29528535980149,-2.543424317617866,0.7321236559139793
2026-03-01,pb-eolica,PB,eolica,744,19.491801075268803,4.283064516129029,-0.19677419354838688,476.2183622828784,63.272952853598014,19.84863523573201,0.9432795698924731
2026-03-01,pb-solar,PB,solar,744,13.134408602150547,4.201747311827955,-0.7493279569892468,490.11910669975185,58.75682382133995,21.491315136476427,0.7086021505376342
2026-03-01,pe-eolica,PE,eolica,744,12.20698924731183,3.3249999999999997,0.4370967741935487,484.86600496277913,55.977667493796524,10.558312655086848,0.7034946236559144
2026-03-01,pe-solar,PE,solar,744,12.327419354838703,4.26935483870967,0.21236559139784955,481.21588089330027,60.588089330024815,-2.8759305210918114,0.742876344086021
2026-03-01,pi-eolica,PI,eolica,744,14.826344086021507,4.110887096774195,-1.008736559139783,465.71573604060916,77.68781725888324,-13.647208121827411,0.741397849462366
2026-03-01,pi-solar,PI,solar,744,12.356451612903214,4.704032258064514,-2.3854838709677426,446.2271540469974,94.47519582245431,-14.579634464751958,0.9198924731182803
2026-03-01,recife,PE,capital,744,14.631451612903215,2.819892473118278,0.1860215053763438,509.83870967741933,42.04218362282879,-11.555831265508685,0.745564516129032
2026-03-01,rn-eolica,RN,eolica,744,21.22741935483872,3.5592741935483856,-0.22540322580645158,469.9503722084367,66.57568238213399,-0.47146401985111663,0.7524193548387104
2026-03-01,rn-solar,RN,solar,744,14.970161290322574,4.015322580645164,0.09462365591397848,480.16625310173697,56.93796526054591,5.583126550868486,0.7809139784946241
2026-03-01,salvador,BA,capital,744,16.92620967741937,3.5236559139784958,-0.5462365591397849,471.8759305210918,45.02481389578164,9.674937965260545,0.5727150537634412
2026-04-01,ba-eolica,BA,eolica,720,20.778472222222213,3.759722222222223,1.9411111111111126,458.65833333333336,69.24166666666666,-14.558333333333334,0.5375000000000004
2026-04-01,ba-solar,BA,solar,720,15.774999999999997,4.055972222222225,2.325694444444442,483.34166666666664,56.46388888888889,-11.886111111111111,0.6879166666666672
2026-04-01,ce-eolica,CE,eolica,720,10.133194444444452,4.314861111111112,0.4168055555555558,349.1666666666667,82.73589743589744,19.366666666666667,0.9188888888888924
2026-04-01,ce-solar,CE,solar,720,13.33361111111112,4.07152777777777,-0.2773611111111113,427.05897435897435,68.60512820512821,5.584615384615384,0.8750000000000011
2026-04-01,fortaleza,CE,capital,720,14.452638888888895,3.852083333333339,0.5898611111111116,377.96923076923076,85.18205128205128,8.602564102564102,0.9094444444444466
2026-04-01,pb-eolica,PB,eolica,720,25.15402777777778,5.935416666666659,-3.1659722222222197,434.05897435897435,60.776923076923076,-9.146153846153846,1.186944444444447
2026-04-01,pb-solar,PB,solar,720,13.755000000000008,4.628333333333328,-0.2713888888888888,433.84615384615387,62.95641025641026,17.243589743589745,0.8163888888888906
2026-04-01,pe-eolica,PE,eolica,720,13.97444444444447,3.538194444444445,0.49374999999999974,422.25128205128203,60.15128205128205,1.617948717948718,0.76125
2026-04-01,pe-solar,PE,solar,720,15.957361111111133,3.9416666666666655,1.595833333333333,452.674358974359,57.03076923076923,-17.128205128205128,0.694027777777779
2026-04-01,pi-eolica,PI,eolica,720,21.953194444444456,3.8886111111111137,0.4447222222222218,452.0514138817481,62.05655526992288,-17.203084832904885,0.7326388888888903
2026-04-01,pi-solar,PI,solar,720,17.46861111111111,5.858611111111107,-4.225833333333332,479.84166666666664,70.18055555555556,-15.813888888888888,0.9730555555555569
2026-04-01,recife,PE,capital,720,15.558194444444426,3.4609722222222175,0.97486111111111,424.0514138817481,50.552699228791774,2.429305912596401,0.7186111111111111
2026-04-01,rn-eolica,RN,eolica,720,22.215416666666655,3.753750000000003,0.030972222222222016,404.15384615384613,88.2974358974359,-18.712820512820514,0.8711111111111126
2026-04-01,rn-solar,RN,solar,720,12.911388888888897,4.62513888888889,0.2420833333333336,419.8666666666667,72.97948717948718,1.0666666666666667,0.857916666666667
2026-04-01,salvador,BA,capital,720,18.09222222222223,4.548611111111106,-2.128055555555553,447.7897435897436,41.805128205128206,-13.861538461538462,0.604305555555556
2026-05-01,ba-eolica,BA,eolica,744,22.814381720430124,2.6129032258064515,1.37715053763441,415.6989247311828,47.314516129032256,-7.588709677419355,0.45940860215053736
2026-05-01,ba-solar,BA,solar,744,18.536693548387085,2.6615591397849387,1.5333333333333317,447.10483870967744,40.37096774193548,0.6075268817204301,0.4791666666666662
2026-05-01,ce-eolica,CE,eolica,744,14.400537634408614,3.7735215053763387,-1.0315860215053783,401.5409429280397,62.193548387096776,-11.588089330024815,0.5412634408602156
2026-05-01,ce-solar,CE,solar,744,16.613306451612893,4.5630376344086,-1.4095430107526894,416.7741935483871,51.687344913151364,12.90818858560794,0.6231182795698934
2026-05-01,fortaleza,CE,capital,744,18.321505376344092,3.4784946236559127,0.2806451612903226,420.8759305210918,51.21339950372209,-24.53846153846154,0.7455645161290325
2026-05-01,pb-eolica,PB,eolica,744,30.416129032258063,4.518817204301073,-0.8338709677419339,379.96277915632754,64.75186104218362,16.766749379652605,0.5112903225806448
2026-05-01,pb-solar,PB,solar,744,17.19206989247313,4.448252688172043,-0.3474462365591394,407.7096774193548,51.20595533498759,5.8858560794044665,0.6447580645161286
2026-05-01,pe-eolica,PE,eolica,744,16.258602150537648,2.725537634408604,0.0782258064516129,351.50248756218906,69.59701492537313,9.343283582089553,0.6715053763440865
2026-05-01,pe-solar,PE,solar,744,20.518548387096775,2.8361559139784958,-0.13212365591397862,380.38461538461536,67.43672456575682,-10.344913151364764,0.6739247311827959
2026-05-01,pi-eolica,PI,eolica,744,27.16370967741929,2.602016129032261,0.4302419354838714,426.59033078880407,43.55470737913486,-1.4274809160305344,0.4880376344086027
2026-05-01,pi-solar,PI,solar,744,22.58938172043012,3.359946236559139,-1.3717741935483878,486.1317204301075,30.153225806451612,-2.0403225806451615,0.5595430107526885
2026-05-01,recife,PE,capital,744,19.49408602150539,2.9479838709677417,-0.2530913978494622,383.15425531914894,77.51063829787235,18.606382978723403,0.5728494623655921
2026-05-01,rn-eolica,RN,eolica,744,25.873790322580653,3.107930107526881,1.2178763440860212,390.8833746898263,63.61538461538461,-3.6699751861042182,0.5618279569892487
2026-05-01,rn-solar,RN,solar,744,15.331720430107536,4.292338709677419,-0.5950268817204298,400.32754342431764,64.25062034739454,2.498759305210918,0.6711021505376352
2026-05-01,salvador,BA,capital,744,19.18427419354838,2.985618279569896,-0.25362903225806427,390.74563591022445,35.99251870324189,-8.70573566084788,0.5704301075268815
2026-06-01,ba-eolica,BA,eolica,720,20.743611111111093,1.7781944444444437,0.517638888888889,393.8305555555556,36.955555555555556,-6.311111111111111,0.3965277777777771
2026-06-01,ba-solar,BA,solar,720,17.330694444444447,1.7754166666666669,0.43236111111111114,421.93333333333334,30.083333333333332,-3.183333333333333,0.4694444444444442
2026-06-01,ce-eolica,CE,eolica,720,16.681805555555545,2.9131944444444438,0.24624999999999936,415.54358974358973,35.62820512820513,-2.033333333333333,0.5166666666666675
2026-06-01,ce-solar,CE,solar,720,19.30027777777778,3.2779166666666693,-0.20374999999999993,410.7025641025641,43.9,5.248717948717949,0.6088888888888895
2026-06-01,fortaleza,CE,capital,720,20.630000000000017,2.6934722222222214,0.4920833333333331,421.14871794871794,36.176923076923075,7.674358974358975,0.6197222222222224
2026-06-01,pb-eolica,PB,eolica,720,31.69277777777778,2.998333333333331,1.1941666666666664,366.83589743589744,50.697435897435895,9.528205128205128,0.5731944444444448
2026-06-01,pb-solar,PB,solar,720,19.686666666666675,3.634583333333332,0.45180555555555524,394.42051282051284,44.52564102564103,11.587179487179487,0.6402777777777777
2026-06-01,pe-eolica,PE,eolica,720,16.256805555555577,2.5583333333333336,1.138333333333334,312.10769230769233,71.51794871794871,24.42051282051282,0.6976388888888896
2026-06-01,pe-solar,PE,solar,720,21.123472222222254,2.5795833333333325,0.6709722222222217,339.6185567010309,65.36340206185567,4.157216494845361,0.7238888888888899
2026-06-01,pi-eolica,PI,eolica,720,27.585555555555555,2.3616666666666646,1.0322222222222224,431.47777777777776,36.81111111111111,-8.044444444444444,0.5479166666666676
2026-06-01,pi-solar,PI,solar,720,24.256527777777805,2.464027777777779,0.4206944444444446,458.09722222222223,22.641666666666666,-2.591666666666667,0.4941666666666669
2026-06-01,recife,PE,capital,720,20.89194444444444,2.592777777777778,-0.27111111111111136,386.0948509485095,47.13550135501355,4.392953929539296,0.4659722222222217
2026-06-01,rn-eolica,RN,eolica,720,28.196250000000045,3.045416666666666,1.286527777777778,369.48205128205126,56.87948717948718,11.92051282051282,0.5940277777777784
2026-06-01,rn-solar,RN,solar,720,18.777638888888905,3.7804166666666625,-0.7629166666666668,398.2717948717949,48.43333333333333,5.1461538461538465,0.6090277777777792
2026-06-01,salvador,BA,capital,720,19.147638888888874,2.737499999999998,0.2733333333333332,386.2027777777778,39.40833333333333,-3.0083333333333333,0.4418055555555553
2026-07-01,ba-eolica,BA,eolica,744,21.33172043010753,1.8086021505376328,0.25215053763440853,412.43548387096774,42.145161290322584,3.4086021505376345,0.4731182795698924
2026-07-01,ba-solar,BA,solar,744,17.48185483870969,1.818010752688172,-0.16720430107526923,446.64247311827955,29.561827956989248,-2.4704301075268815,0.44448924731182793
2026-07-01,ce-eolica,CE,eolica,744,20.048655913978475,2.234543010752684,0.07271505376344098,395.20646766169153,48.80099502487562,4.800995024875622,0.49771505376344055
2026-07-01,ce-solar,CE,solar,744,21.604166666666682,3.081586021505378,-0.41868279569892425,408.7047146401985,42.60545905707196,8.11910669975186,0.7431451612903236
2026-07-01,fortaleza,CE,capital,744,24.206989247311803,2.003091397849465,0.013575268817204384,421.9801488833747,39.84367245657568,9.863523573200993,0.45201612903225874
2026-07-01,pb-eolica,PB,eolica,744,32.657123655913985,2.326612903225808,0.24569892473118252,398.8908188585608,43.578163771712155,-2.6501240694789083,0.521505376344086
2026-07-01,pb-solar,PB,solar,744,21.949327956989237,2.9033602150537625,0.08857526881720433,410.7741935483871,44.23325062034739,5.94044665012407,0.5646505376344089
2026-07-01,pe-eolica,PE,eolica,744,16.752956989247306,2.110618279569892,0.20174731182795683,384.8134328358209,59.340796019900495,-8.037313432835822,0.5573924731182802
2026-07-01,pe-solar,PE,solar,744,21.729032258064514,1.9275537634408602,0.11357526881720427,416.40452261306535,39.12562814070352,-8.64321608040201,0.5520161290322583
2026-07-01,pi-eolica,PI,eolica,744,28.292741935483875,2.3540322580645143,0.6908602150537627,474.18279569892474,34.49731182795699,-6.852150537634409,0.4913978494623653
2026-07-01,pi-solar,PI,solar,744,24.089381720430104,2.6010752688172043,0.4462365591397849,495.51612903225805,17.04032258064516,-1.8198924731182795,0.4291666666666671
2026-07-01,recife,PE,capital,744,21.15067204301079,2.2079301075268822,0.006854838709677522,397.38709677419354,52.57071960297767,-20.88833746898263,0.48333333333333406
2026-07-01,rn-eolica,RN,eolica,744,30.701478494623686,2.629704301075271,0.9466397849462372,367.78411910669973,56.66253101736973,18.75682382133995,0.5625000000000001
2026-07-01,rn-solar,RN,solar,744,20.688978494623658,3.163978494623654,0.37419354838709706,396.27047146401986,46.2605459057072,9.084367245657567,0.7137096774193546
2026-07-01,salvador,BA,capital,744,18.97889784946237,2.6439516129032263,0.5063172043010752,394.4758064516129,38.653225806451616,0.13709677419354838,0.4396505376344091
2026-08-01,ba-eolica,BA,eolica,744,23.022446236559126,1.5844086021505381,0.5107526881720427,495.4166666666667,26.677419354838708,2.946236559139785,0.4034946236559134
2026-08-01,ba-solar,BA,solar,744,18.82056451612902,1.6606182795698912,0.19717741935483857,525.2822580645161,19.056451612903224,-3.5940860215053765,0.3862903225806446
2026-08-01,ce-eolica,CE,eolica,744,23.10766129032259,1.7719086021505364,-0.1240591397849464,480.6923076923077,25.722084367245657,0.511166253101737,0.3376344086021504
2026-08-01,ce-solar,CE,solar,744,23.65725806451612,2.750940860215053,-0.28749999999999976,486.2903225806452,24.98511166253102,0.8709677419354839,0.5287634408602144
2026-08-01,fortaleza,CE,capital,744,27.11021505376345,1.690725806451614,-1.3440860215026737E-4,503.5558312655087,15.153846153846153,-5.729528535980148,0.2848118279569884
2026-08-01,pb-eolica,PB,eolica,744,34.42473118279571,2.364516129032257,1.0236559139784944,454.70223325062034,43.67990074441688,4.161290322580645,0.4852150537634413
2026-08-01,pb-solar,PB,solar,744,23.58736559139787,2.6571236559139786,0.2840053763440864,470.7543424317618,36.369727047146405,9.307692307692308,0.5084677419354848
2026-08-01,pe-eolica,PE,eolica,744,17.07405913978492,2.469354838709678,0.44139784946236604,417.3399503722084,60.96277915632754,21.15136476426799,0.5532258064516137
2026-08-01,pe-solar,PE,solar,744,22.621236559139795,2.3193548387096774,0.3080645161290323,453.06947890818856,42.81885856079405,19.379652605459057,0.6077956989247304
2026-08-01,pi-eolica,PI,eolica,744,28.948521505376345,2.2993279569892486,0.563306451612903,535.4263157894737,17.81578947368421,-6.042105263157895,0.5264784946236557
2026-08-01,pi-solar,PI,solar,744,26.532392473118264,2.2741935483870956,-0.42284946236559146,558.1048387096774,7.172043010752688,3.9408602150537635,0.3694892473118277
2026-08-01,recife,PE,capital,744,20.85201612903223,2.056989247311828,-0.15188172043010767,442.72208436724566,35.406947890818856,-4.6575682382134,0.4424731182795696
2026-08-01,rn-eolica,RN,eolica,744,33.671908602150566,2.1635752688172047,0.9423387096774202,455.8014888337469,41.535980148883375,-3.8089330024813894,0.38440860215053685
2026-08-01,rn-solar,RN,solar,744,22.926075268817208,2.6494623655913965,0.5553763440860212,470.8287841191067,31.615384615384617,-2.9801488833746896,0.5153225806451618
2026-08-01,salvador,BA,capital,744,19.6143817204301,2.389650537634411,0.989381720430108,445.23017902813297,30.705882352941178,-3.5140664961636827,0.4688172043010749
2026-09-01,ba-eolica,BA,eolica,648,22.445679012345668,2.1341049382716064,0.7436728395061735,511.8,28.208571428571428,9.128571428571428,0.5262345679012349
2026-09-01,ba-solar,BA,solar,648,18.238271604938273,2.073456790123457,0.45925925925925903,532.2046109510086,22.9164265129683,5.060518731988473,0.5368827160493828
2026-09-01,ce-eolica,CE,eolica,648,22.993364197530862,1.8932098765432097,0.24135802469135817,506.52706552706553,30.817663817663817,4.122507122507122,0.3237654320987649
2026-09-01,ce-solar,CE,solar,648,23.69861111111113,2.5121913580246904,0.3300925925925924,529.9715099715099,22.048433048433047,9.245014245014245,0.4249999999999996
2026-09-01,fortaleza,CE,capital,648,26.98811728395063,1.7165123456790108,0.21527777777777796,519.017094017094,24.364672364672366,-2.5811965811965814,0.2560185185185182
2026-09-01,pb-eolica,PB,eolica,648,32.943827160493804,2.225154320987653,0.9847222222222217,529.1994301994303,25.94871794871795,1.0655270655270654,0.4575617283950621
2026-09-01,pb-solar,PB,solar,648,23.279320987654327,2.613425925925926,0.3955246913580244,537.2279202279202,20.94871794871795,5.547008547008547,0.48395061728394934
2026-09-01,pe-eolica,PE,eolica,648,17.29444444444442,2.052777777777778,0.6219135802469132,497.5441595441595,46.065527065527064,14.8005698005698,0.46820987654320956
2026-09-01,pe-solar,PE,solar,648,21.654166666666676,2.082561728395063,0.021759259259259207,542.5356125356126,18.626780626780626,1.868945868945869,0.5165123456790126
2026-09-01,pi-eolica,PI,eolica,648,27.22947530864193,2.563580246913581,0.799074074074074,538.6524216524217,21.854700854700855,2.96011396011396,0.6072530864197532
2026-09-01,pi-solar,PI,solar,648,22.4354938271605,3.5316358024691303,0.5628086419753084,548.5882352941177,20.676470588235293,7.770588235294118,0.6438271604938272
2026-09-01,recife,PE,capital,648,18.902006172839513,2.1280864197530867,0.392283950617284,499.4131054131054,31.735042735042736,-8.242165242165242,0.5234567901234576
2026-09-01,rn-eolica,RN,eolica,648,33.0483024691358,2.0499999999999985,0.863271604938272,480.22507122507125,50.54985754985755,2.5213675213675213,0.415432098765431
2026-09-01,rn-solar,RN,solar,648,24.194135802469102,2.52469135802469,1.1793209876543214,511.6894586894587,37.72079772079772,3.094017094017094,0.4930555555555562
2026-09-01,salvador,BA,capital,648,20.01435185185184,2.5756172839506166,1.191049382716049,484.96866096866097,31.276353276353277,-2.774928774928775,0.43811728395061744
