mes,uf,tipo_usina,geracao_programada_mwh,geracao_verificada_mwh,erro_absoluto_mwh,erro_relativo,vies_relativo
2024-10-01,BA,Eólica,3180136.0,3244007.7909999867,1009696.6719999969,0.31124976789551767,0.020084609903471645
2024-10-01,BA,Solar,444954.5,440043.84200000064,143545.7380000001,0.3262078099936231,-0.01103631494905514
2024-10-01,CE,Eólica,832640.5,889885.4840000009,250557.07000000088,0.28156102611513173,0.06875114049821125
2024-10-01,CE,Solar,247043.0,241403.87100000013,69698.01499999994,0.28871954170113495,-0.02282650793586489
2024-10-01,PB,Eólica,349619.5,320563.1740000001,78644.20799999997,0.24533138669259602,-0.08310842501633886
2024-10-01,PB,Solar,105137.5,110394.56800000012,32897.59999999998,0.298000169718495,0.05000183569135766
2024-10-01,PE,Eólica,291388.0,295610.7239999998,96872.65200000003,0.32770344285615327,0.014491756695539326
2024-10-01,PE,Solar,206238.5,196698.92699999982,52667.48100000002,0.26775682919714183,-0.046255054221205925
2024-10-01,PI,Eólica,1121341.5,1396974.6779999977,368381.90099999896,0.2636997697963997,0.2458066325022286
2024-10-01,PI,Solar,330151.5,334428.03400000004,132878.21399999992,0.39732977050602136,0.01295324722135154
2024-10-01,RN,Eólica,3431870.0,3402898.1090000127,852296.2260000058,0.25046187064662495,-0.008442012955032462
2024-10-01,RN,Solar,277251.5,263281.13499999983,54040.93900000002,0.20525944253468845,-0.05038878058369446
2024-11-01,BA,Eólica,2777810.0,2917675.300000012,859542.206999999,0.2945983081119395,0.05035092392928671
2024-11-01,BA,Solar,384160.0,342380.71100000036,164625.69099999993,0.48082641840182333,-0.1087549172219899
2024-11-01,CE,Eólica,835483.5,855219.2680000014,211646.00900000072,0.24747572572230722,0.02362197218736389
2024-11-01,CE,Solar,242234.5,253108.00900000005,63123.23100000014,0.2493924678614185,0.044888358181844654
2024-11-01,PB,Eólica,320518.0,310425.8319999996,63213.050000000025,0.203633343245739,-0.03148705532918717
2024-11-01,PB,Solar,104386.5,116274.17800000001,32251.543999999983,0.2773749473421345,0.11388137354926178
2024-11-01,PE,Eólica,303205.0,308186.847,73356.07099999994,0.23802466495268676,0.01643062284592935
2024-11-01,PE,Solar,195336.0,210226.44900000002,61002.616999999955,0.29017574758159925,0.07622992689519609
2024-11-01,PI,Eólica,1140299.0,1206498.5140000007,376400.5500000021,0.3119776324896509,0.0580545225418953
2024-11-01,PI,Solar,306070.5,332219.6540000003,120766.90400000005,0.363515230197669,0.08543506806438475
2024-11-01,RN,Eólica,3288143.0,3208415.901999991,775024.5180000002,0.2415598668230271,-0.024246846320251
2024-11-01,RN,Solar,266949.0,251862.2450000003,62621.17300000001,0.2486326324932105,-0.056515495469170944
2024-12-01,BA,Eólica,2762804.5,2999904.881999999,945564.8350000002,0.3151982720097459,0.08581873310254085
2024-12-01,BA,Solar,429439.5,387081.9150000011,149389.05500000017,0.3859365400731774,-0.09863458065687697
2024-12-01,CE,Eólica,727881.5,770357.3670000015,236820.5409999999,0.3074164681805392,0.05835546994943749
2024-12-01,CE,Solar,240204.0,228294.91800000067,68642.84200000009,0.3006761718629229,-0.049579032822098405
2024-12-01,PB,Eólica,295418.5,311301.609,72733.76300000022,0.23364403169532036,0.053764774379397355
2024-12-01,PB,Solar,102954.5,102745.47900000011,29810.44699999994,0.2901387709721019,-0.0020302269449115045
2024-12-01,PE,Eólica,306454.0,308861.9539999991,76989.5000000001,0.24926831875187944,0.00785747289968183
2024-12-01,PE,Solar,206641.0,196214.1009999997,53576.27500000013,0.2730500750300317,-0.05045900377950308
2024-12-01,PI,Eólica,866606.5,1031021.2199999995,389979.7980000011,0.378246141238491,0.18972246342486412
2024-12-01,PI,Solar,348295.5,324529.68999999977,120238.21399999996,0.3704998886234417,-0.06823461686987121
2024-12-01,RN,Eólica,2931718.5,2971821.623000002,766395.0089999998,0.25788728471069455,0.013679049676836981
2024-12-01,RN,Solar,254418.5,256210.50499999957,57755.11499999997,0.2254205579900015,0.007043532604742061
2025-01-01,BA,Eólica,1577409.5,1655112.0649999955,928234.6100000035,0.5608288584374533,0.049259602531869826
2025-01-01,BA,Solar,360350.0,352403.86399999994,162826.43600000002,0.46204497916628984,-0.022051161370889572
2025-01-01,CE,Eólica,431397.5,429750.0819999966,206351.00200000152,0.48016512536698747,-0.003818793572061454
2025-01-01,CE,Solar,217966.0,201825.71499999985,80533.56299999991,0.3990252827792532,-0.07404955360010346
2025-01-01,PB,Eólica,150162.5,152723.14799999975,68381.90699999999,0.44775076925470464,0.017052513110794996
2025-01-01,PB,Solar,90418.0,94098.19300000006,30211.608999999986,0.3210647094997878,0.04070199517795193
2025-01-01,PE,Eólica,219141.0,215556.23399999997,86753.58199999995,0.40246380441031443,-0.016358262488534926
2025-01-01,PE,Solar,165824.5,155162.869,63220.50499999992,0.4074460945936744,-0.06429466695210898
2025-01-01,PI,Eólica,442338.5,511393.61099999974,326863.0200000002,0.6391613289044402,0.15611372512227567
2025-01-01,PI,Solar,287272.5,276154.06299999944,129396.69100000002,0.4685670367993111,-0.03870345055652928
2025-01-01,RN,Eólica,1990286.5,2017463.3239999898,732390.2130000028,0.363025292349754,0.013654729608018633
2025-01-01,RN,Solar,250930.0,279715.34500000085,107462.31999999995,0.3841845716401423,0.11471464153349877
2025-02-01,BA,Eólica,2048839.0,2059008.2659999959,1105627.4920000047,0.5369708855748746,0.004963428556365761
2025-02-01,BA,Solar,301263.0,290494.0789999996,167205.5269999997,0.5755901379318644,-0.03574591303943857
2025-02-01,CE,Eólica,350839.5,276727.4880000012,227456.04100000052,0.8219495744492125,-0.21124192686399001
2025-02-01,CE,Solar,191929.5,203509.97199999966,90661.33399999993,0.44548841075954787,0.06033711336714606
2025-02-01,PB,Eólica,198308.5,266055.8040000001,105231.39499999992,0.3955237713964694,0.34162582037582917
2025-02-01,PB,Solar,74644.0,83611.73499999997,32971.277999999984,0.3943379239768197,0.1201400648411121
2025-02-01,PE,Eólica,165680.5,195148.93600000005,109688.17899999961,0.5620741842015453,0.17786303155772734
2025-02-01,PE,Solar,157003.0,154186.49999999997,69574.74499999994,0.45123759213679504,-0.017939147659599048
2025-02-01,PI,Eólica,1042783.5,1253724.4149999993,466108.5419999996,0.37177910585716706,0.2022863950187161
2025-02-01,PI,Solar,278278.5,246647.21800000046,133928.3449999998,0.5429955629988072,-0.11366771777194265
2025-02-01,RN,Eólica,2257772.0,2649388.9179999973,886068.4960000003,0.334442591640674,0.17345281897374815
2025-02-01,RN,Solar,244839.5,259236.9399999998,112111.95899999964,0.4324690725017805,0.058803583572094364
2025-03-01,BA,Eólica,3257692.5,3268129.0330000003,1116764.0119999999,0.34171356171174766,0.0032036581107640722
2025-03-01,BA,Solar,460073.0,429777.4379999983,164591.8649999999,0.3829699989974824,-0.06584946736713895
2025-03-01,CE,Eólica,253829.0,298021.19300000166,165809.55900000007,0.5563683486093526,0.17410222236230555
2025-03-01,CE,Solar,178425.5,270402.79100000026,68593.36500000002,0.2536710688019487,0.5154940913714702
2025-03-01,PB,Eólica,290850.0,266840.71899999975,90091.38300000006,0.3376223214268889,-0.08254867113632543
2025-03-01,PB,Solar,97182.0,113397.80600000008,28556.104000000025,0.25182236770965394,0.16686017986870083
2025-03-01,PE,Eólica,271104.0,294893.97400000005,80355.27999999988,0.2724887148762147,0.08775220579556202
2025-03-01,PE,Solar,194960.0,179926.7140000001,48264.170000000086,0.26824349162515165,-0.07710959171111975
2025-03-01,PI,Eólica,1188040.5,1093794.7200000016,414831.6300000018,0.3792591264291358,-0.07932876025690909
2025-03-01,PI,Solar,322549.5,296463.02299999987,127076.43700000014,0.4286417770218858,-0.08087588726691602
2025-03-01,RN,Eólica,2533280.5,2457793.093999991,811609.9599999976,0.3302189927953311,-0.029798281714168172
2025-03-01,RN,Solar,279007.0,313924.62499999936,120630.92399999978,0.38426715967248515,0.12514963782270466
2025-04-01,BA,Eólica,2451983.5,2900009.3150000046,941294.2730000014,0.32458318948537584,0.18271975117287886
2025-04-01,BA,Solar,449660.5,414946.91299999936,139497.4130000001,0.33618134905850067,-0.07719954721395506
2025-04-01,CE,Eólica,267420.0,270840.1459999998,164228.87500000055,0.6063682855938229,0.012789417395855865
2025-04-01,CE,Solar,213335.0,268535.09799999965,75181.53200000002,0.2799691085446124,0.25874843790282726
2025-04-01,PB,Eólica,199167.5,209820.48699999976,72908.50900000012,0.3474804107189028,0.053487577039425416
2025-04-01,PB,Solar,102247.0,104495.4430000001,30250.80700000003,0.2894940308545321,0.021990307784092455
2025-04-01,PE,Eólica,234877.5,221762.0920000002,69112.09799999993,0.3116497385856184,-0.055839354557161894
2025-04-01,PE,Solar,192085.0,170046.95300000018,50790.71500000003,0.29868641633349335,-0.11473070255355607
2025-04-01,PI,Eólica,943609.5,954092.7719999991,359165.18599999923,0.3764468158029391,0.01110975673729341
2025-04-01,PI,Solar,331134.5,301265.19000000064,120727.98999999966,0.4007366068412995,-0.09020295378463844
2025-04-01,RN,Eólica,2280902.0,2214473.9870000114,761987.8970000067,0.3440943092911585,-0.02912357172732043
2025-04-01,RN,Solar,298838.0,326262.008,123683.28000000017,0.37909188617511413,0.09176881119536329
2025-05-01,BA,Eólica,4262302.0,4172075.729999978,1270447.8149999978,0.3045121654587043,-0.021168436680465603
2025-05-01,BA,Solar,465505.0,282403.84599999955,214980.89200000014,0.7612534143745354,-0.3933387482411584
2025-05-01,CE,Eólica,419315.5,396444.9420000007,211925.2960000005,0.5345642573490069,-0.05454260097706696
2025-05-01,CE,Solar,228932.5,243157.3000000006,80953.59699999992,0.3329268625700307,0.062135345571295464
2025-05-01,PB,Eólica,288715.5,289771.53399999987,94105.11600000033,0.3247562474511398,0.0036576976296730473
2025-05-01,PB,Solar,102520.0,90347.31599999992,29720.53400000002,0.3289586820708658,-0.11873472493172144
2025-05-01,PE,Eólica,245510.0,231002.82599999948,91182.56600000015,0.394724893971645,-0.0590899515294714
2025-05-01,PE,Solar,177976.0,124716.08300000025,69248.57700000005,0.5552497748025002,-0.29925336562232974
2025-05-01,PI,Eólica,2038952.5,1961355.8749999965,423130.04100000055,0.21573343542257536,-0.0380571028506076
2025-05-01,PI,Solar,364163.0,288874.56999999983,132064.16800000012,0.45716785662372494,-0.20674376584112106
2025-05-01,RN,Eólica,3112528.5,2679847.6720000133,936514.6300000009,0.3494656206712918,-0.1390126477556709
2025-05-01,RN,Solar,308335.5,286991.4249999999,134501.28899999973,0.4686596089064326,-0.0692235405913368
2025-06-01,BA,Eólica,4000344.0,3927831.0550000044,1134344.5890000057,0.28879668527393026,-0.018126677355746315
2025-06-01,BA,Solar,465033.5,291082.3319999995,204818.18799999976,0.7036434901174288,-0.3740615848105578
2025-06-01,CE,Eólica,530567.5,500840.8029999981,233149.25499999963,0.46551569601249226,-0.0560281151785624
2025-06-01,CE,Solar,222419.5,218615.35300000026,78174.6559999999,0.35758996304344554,-0.017103477887504177
2025-06-01,PB,Eólica,277547.5,326628.7900000007,95422.37599999996,0.29214318799025574,0.17683924373305715
2025-06-01,PB,Solar,92756.5,84301.92800000013,26421.014000000014,0.31340936828870597,-0.09114802736196244
2025-06-01,PE,Eólica,211602.5,200052.41200000138,77453.8839999998,0.38716795876472243,-0.0545838919672434
2025-06-01,PE,Solar,159112.0,128699.04399999989,53644.95800000004,0.41682483670974346,-0.19114181205691655
2025-06-01,PI,Eólica,2075971.5,2000880.9740000006,340171.51899999933,0.1700108719210597,-0.036171270173988114
2025-06-01,PI,Solar,365445.0,275906.2429999998,135223.70300000013,0.4901074420414627,-0.2450129485969167
2025-06-01,RN,Eólica,2857166.0,2721347.651000016,837436.6250000012,0.30772864492056634,-0.047536037108093857
2025-06-01,RN,Solar,280356.5,274702.4839999996,135743.18000000008,0.49414616869645883,-0.020167237071373093
2025-07-01,BA,Eólica,4192489.5,4184450.10700005,1118289.867000013,0.26724894272947763,-0.0019175702169200101
2025-07-01,BA,Solar,495519.0,281566.0570000003,250277.24300000034,0.8888757603335691,-0.43177545765147185
2025-07-01,CE,Eólica,608608.0,529982.7029999989,272306.697000003,0.5138029891515224,-0.12918873396340677
2025-07-01,CE,Solar,236672.0,228482.37399999917,88710.71099999995,0.3882606323059313,-0.034603273729046244
2025-07-01,PB,Eólica,335074.0,378883.6089999998,87735.94500000012,0.23156437205495517,0.1307460710171479
2025-07-01,PB,Solar,98012.0,82801.87100000003,34227.01099999998,0.4133603575213894,-0.15518639554340255
2025-07-01,PE,Eólica,220512.0,221246.62099999984,71346.90200000005,0.32247679841402005,0.0033314332099833076
2025-07-01,PE,Solar,167741.0,111880.08099999989,75301.46099999995,0.6730551169336392,-0.3330188743360306
2025-07-01,PI,Eólica,2264901.0,2120255.7690000064,372189.12700000126,0.17553973083895433,-0.0638638205378485
2025-07-01,PI,Solar,396009.0,292099.0630000002,152510.7180000003,0.5221198467178931,-0.2623928673338227
2025-07-01,RN,Eólica,3154312.5,2861320.392000006,985249.3590000056,0.3443338123737118,-0.09288620198537524
2025-07-01,RN,Solar,295589.0,243629.48899999994,149533.23099999965,0.6137731175884036,-0.17578296553660677
2025-08-01,BA,Eólica,4307558.0,4264914.453999996,1135811.1550000038,0.2663151083686437,-0.009899703265749136
2025-08-01,BA,Solar,524211.5,289807.0349999995,260262.84300000037,0.8980556424380823,-0.44715628138642605
2025-08-01,CE,Eólica,759610.0,626791.8820000013,307448.9580000003,0.4905120293182094,-0.17485040744592453
2025-08-01,CE,Solar,249975.5,210429.66200000004,95841.82700000028,0.4554577814224701,-0.15819885548783766
2025-08-01,PB,Eólica,340422.5,355851.9189999991,90296.323,0.25374690476237177,0.045324321982240075
2025-08-01,PB,Solar,99725.5,77784.34199999999,37280.79399999996,0.4792840440817763,-0.22001552260956336
2025-08-01,PE,Eólica,243328.5,223431.64800000068,82235.47400000006,0.36805651632663877,-0.08176950912038382
2025-08-01,PE,Solar,180606.0,112442.85100000008,82572.42899999999,0.7343501900356469,-0.3774135355414544
2025-08-01,PI,Eólica,2282967.5,2026450.2019999973,432016.95200000104,0.21318902955208255,-0.11236134460959377
2025-08-01,PI,Solar,417956.5,258264.058000001,194866.38599999985,0.754523829250755,-0.38207909674810414
2025-08-01,RN,Eólica,3410049.5,2924731.6119999886,988043.6319999977,0.3378236922479031,-0.14231989535636108
2025-08-01,RN,Solar,308042.0,301558.63800000073,179133.17799999984,0.5940243635136706,-0.02104700657702283
2025-09-01,BA,Eólica,4486834.0,4574684.130999999,1036184.687,0.226504094562152,0.019579536706728868
2025-09-01,BA,Solar,440322.0,303370.61499999923,180134.54299999954,0.5937771626299403,-0.311025533586786
2025-09-01,CE,Eólica,852558.5,734610.6209999933,266816.92700000055,0.3632086432902295,-0.13834578976106238
2025-09-01,CE,Solar,236854.5,239366.03800000023,84240.03900000002,0.35192978796766455,0.01060371662771969
2025-09-01,PB,Eólica,330347.5,368778.3469999986,78816.19500000011,0.21372240436882375,0.1163346082534259
2025-09-01,PB,Solar,89780.5,86351.423,26188.777000000024,0.3032813599377514,-0.03819400649361503
2025-09-01,PE,Eólica,266131.0,274709.0829999998,75490.65899999996,0.27480219501879377,0.03223255840168868
2025-09-01,PE,Solar,169447.5,146159.92300000007,53475.29600000004,0.36586839198047477,-0.1374324023665143
2025-09-01,PI,Eólica,2101073.0,2018147.1079999933,315592.77000000037,0.15637748544146338,-0.039468353550784166
2025-09-01,PI,Solar,367061.0,300063.1729999996,129761.80000000002,0.43244826981816986,-0.18252504897006328
2025-09-01,RN,Eólica,3265885.0,3110730.1750000305,899344.8679999998,0.2891105359210369,-0.04750774292419037
2025-09-01,RN,Solar,275983.5,293727.88699999993,173249.67999999982,0.5898305461203956,0.0642951009752392
2025-10-01,BA,Eólica,4498805.0,4341914.76699999,1102004.973000001,0.25380621963738415,-0.0348737571421767
2025-10-01,BA,Solar,364283.5,323974.6099999992,148532.82100000003,0.4584705603936074,-0.11065252749575764
2025-10-01,CE,Eólica,857132.5,747987.4820000016,280271.939999999,0.37470137768963147,-0.1273373929934968
2025-10-01,CE,Solar,245492.0,284682.309,123786.01299999999,0.4348215856293339,0.1596398619914295
2025-10-01,PB,Eólica,306714.0,357720.7689999996,79864.36500000018,0.22325895480784977,0.16630075249254883
2025-10-01,PB,Solar,82850.5,93422.84899999994,26280.001000000026,0.2813016438837146,0.12760754612223155
2025-10-01,PE,Eólica,285913.0,313885.4030000008,75176.94099999996,0.23950441875119555,0.09783536600294777
2025-10-01,PE,Solar,163719.0,155610.86100000012,59262.55300000015,0.38083815370702245,-0.04952472834551811
2025-10-01,PI,Eólica,1810986.5,1755705.5249999987,400486.89900000085,0.2281059627012344,-0.030525337985678667
2025-10-01,PI,Solar,311895.0,314908.13800000097,121433.27999999994,0.38561493129783636,0.009660744801939649
2025-10-01,RN,Eólica,3231299.5,2950554.5819999767,971206.5540000015,0.3291606804784773,-0.08688297633816468
2025-10-01,RN,Solar,276840.0,337178.37299999944,179161.62499999974,0.531355624638476,0.2179539553532706
2025-11-01,BA,Eólica,2822087.0,2747463.259999996,1046946.8880000003,0.38105946792533335,-0.02644274963883252
2025-11-01,BA,Solar,349058.0,298442.5509999993,134056.12599999976,0.44918569939445424,-0.14500584143609577
2025-11-01,CE,Eólica,713687.5,691048.4200000009,213772.28399999984,0.3093448705084943,-0.03172127857080185
2025-11-01,CE,Solar,246469.0,294961.3120000001,109671.03199999982,0.3718149721275982,0.19674811842462983
2025-11-01,PB,Eólica,213685.5,234546.49299999978,73588.61100000002,0.31374850273288923,0.09762474758465027
2025-11-01,PB,Solar,83679.0,94783.85400000012,27071.103999999952,0.2856088126570578,0.13270777614455387
2025-11-01,PE,Eólica,274125.5,285102.131,64625.16300000002,0.22667372836999253,0.04004235651188961
2025-11-01,PE,Solar,178685.5,165748.53400000036,44611.241999999984,0.2691501452435162,-0.07240075999451347
2025-11-01,PI,Eólica,1111011.0,1060411.7550000022,384708.84899999935,0.36279195056640856,-0.045543423962497026
2025-11-01,PI,Solar,315927.5,313160.17800000083,129243.43999999996,0.41270713545193993,-0.008759357764041341
2025-11-01,RN,Eólica,2651369.0,2783052.39100001,816740.4569999935,0.29346930716835024,0.04966618792028196
2025-11-01,RN,Solar,291955.5,399093.9779999998,159382.52999999956,0.39936089940199404,0.36696852088760046
2025-12-01,BA,Eólica,2498587.5,2677684.404000014,1085875.935999998,0.40552797573077703,0.07167926038212152
2025-12-01,BA,Solar,416535.0,456802.0120000005,146728.5329999996,0.321208158338846,0.09667137695511904
2025-12-01,CE,Eólica,700424.5,727003.5869999998,249542.29500000048,0.343247680564746,0.037947112072749915
2025-12-01,CE,Solar,310985.5,318446.047,113833.04500000003,0.3574641483930872,0.023990015611660417
2025-12-01,PB,Eólica,206262.0,226935.39200000057,66786.65200000018,0.29429808815365394,0.1002287963851828
2025-12-01,PB,Solar,99410.5,105142.2970000001,28938.377000000026,0.2752305953521255,0.057657863102993076
2025-12-01,PE,Eólica,293311.5,297055.4760000002,64806.783999999985,0.2181639095587652,0.01276450463074308
2025-12-01,PE,Solar,201953.0,184772.13400000005,54032.18000000004,0.2924260213393434,-0.08507358642852521
2025-12-01,PI,Eólica,698335.5,703259.3119999979,380427.62200000015,0.540949285005701,0.007050782897329348
2025-12-01,PI,Solar,352639.0,333999.6380000014,129204.75800000007,0.3868410120851674,-0.052856779879703115
2025-12-01,RN,Eólica,2833011.5,3107317.921999972,920187.4690000045,0.29613560379033943,0.09682502947833846
2025-12-01,RN,Solar,335169.0,415225.3800000013,185726.7100000003,0.4472913240515301,0.23885377227607948
2026-01-01,BA,Eólica,2567074.5,2488561.2810000186,1220257.4029999913,0.49034653569376263,-0.03058470605351789
2026-01-01,BA,Solar,404898.5,403844.2919999997,164668.20000000062,0.4077517084233067,-0.0026036352320403145
2026-01-01,CE,Eólica,639941.0,629042.4680000023,258046.37400000013,0.410220910553847,-0.017030526251635196
2026-01-01,CE,Solar,308461.5,289423.9460000006,116710.76200000019,0.4032519202816755,-0.061717763805205585
2026-01-01,PB,Eólica,188804.5,225234.70400000006,80857.9600000001,0.3589942338548329,0.19295199002142457
2026-01-01,PB,Solar,98512.5,103296.16400000009,26731.138000000006,0.258781516804438,0.04855895444740608
2026-01-01,PE,Eólica,276402.5,301928.0050000003,78882.60099999982,0.2612629490927804,0.09234903808757264
2026-01-01,PE,Solar,195318.5,171929.4319999999,58504.484000000135,0.34028195940297273,-0.11974834949070409
2026-01-01,PI,Eólica,800319.0,1073623.4760000005,463273.9119999999,0.4315050130293534,0.34149442409839137
2026-01-01,PI,Solar,355110.0,343293.9399999992,140608.5940000002,0.40958658926516595,-0.03327436568950695
2026-01-01,RN,Eólica,2650396.0,2850787.76200001,977778.3079999994,0.34298530428446394,0.0756082343921474
2026-01-01,RN,Solar,320220.0,343487.34199999983,179912.9840000004,0.5237834470185527,0.0726604896633559
2026-02-01,BA,Eólica,1785493.5,1856078.8270000005,898612.5410000031,0.4841456773969239,0.03953267093943524
2026-02-01,BA,Solar,417026.5,413708.21800000087,147428.3359999994,0.35635824860505694,-0.007957005130367335
2026-02-01,CE,Eólica,303834.0,308898.9130000012,169742.37499999933,0.5495078417449746,0.01667000072408362
2026-02-01,CE,Solar,261078.0,245962.28699999987,111668.8329999998,0.45400794716142745,-0.05789730655206542
2026-02-01,PB,Eólica,110127.0,108702.80800000005,57183.84200000001,0.5260567141927004,-0.012932269107484557
2026-02-01,PB,Solar,83677.0,88841.42899999993,29561.937000000024,0.33274945408633677,0.06171862040943068
2026-02-01,PE,Eólica,181904.0,173895.63200000025,63785.149000000005,0.3668013294318969,-0.04402524408479063
2026-02-01,PE,Solar,146576.0,143103.54300000012,48882.986999999885,0.3415917312403638,-0.023690488210893177
2026-02-01,PI,Eólica,458162.5,509084.055000001,319204.55900000036,0.6270173969601145,0.11114300057294296
2026-02-01,PI,Solar,319297.0,299826.3209999998,127371.27700000023,0.42481686255957596,-0.06097983695430956
2026-02-01,RN,Eólica,1565679.5,1659262.2229999783,682589.0509999983,0.4113810593275993,0.05977131526597771
2026-02-01,RN,Solar,260410.0,363892.5639999998,178233.08400000018,0.48979589481251473,0.39738321877039967
2026-03-01,BA,Eólica,2124562.5,2318833.606999999,1025417.9610000077,0.442212825406928,0.09144052340187635
2026-03-01,BA,Solar,440574.0,431552.065000001,155798.60299999977,0.3610192503655368,-0.020477683658134634
2026-03-01,CE,Eólica,288909.0,252864.7619999999,155907.12600000043,0.6165632758272601,-0.12475983095023034
2026-03-01,CE,Solar,271681.0,294403.8939999995,112250.72600000014,0.38128139025226454,0.08363814179129017
2026-03-01,PB,Eólica,122025.5,138971.42900000044,62018.76700000017,0.4462699091911905,0.1388720308460153
2026-03-01,PB,Solar,94467.0,97342.6769999999,26090.668999999983,0.26802908861855124,0.030441074660991607
2026-03-01,PE,Eólica,136339.5,185765.04200000016,62849.325999999935,0.3383269818871512,0.3625181403775147
2026-03-01,PE,Solar,152023.0,165067.2889999998,57387.63700000009,0.347662079795835,0.0858047071824644
2026-03-01,PI,Eólica,515467.0,637315.6320000003,354798.8380000009,0.5567081994938432,0.2363849324981043
2026-03-01,PI,Solar,335247.0,296760.4129999996,133651.90700000024,0.4503697297388531,-0.1148006902373486
2026-03-01,RN,Eólica,1799154.5,1839596.0819999822,751261.5799999957,0.4083839856753962,0.022478104020517548
2026-03-01,RN,Solar,383021.5,385954.7210000003,125253.18299999987,0.3245281795633218,0.007658110576038971
2026-04-01,BA,Eólica,3522583.0,3334924.8980000103,1118263.472000008,0.33531893706831073,-0.05327286880110127
2026-04-01,BA,Solar,444613.5,388180.2869999999,161123.96499999988,0.41507508339803956,-0.12692644960173297
2026-04-01,CE,Eólica,188662.5,141790.83599999986,136310.23600000024,0.9613472904553604,-0.2484418684158226
2026-04-01,CE,Solar,237286.0,282176.16900000017,103447.31100000016,0.3666054130885876,0.1891817005638772
2026-04-01,PB,Eólica,182904.5,201941.65800000052,69338.92599999996,0.34336118008895317,0.10408250207075562
2026-04-01,PB,Solar,82025.5,78140.57000000007,24072.109999999982,0.3080616125528642,-0.047362466550035474
2026-04-01,PE,Eólica,126486.5,190169.26699999993,55986.38200000005,0.29440289108334244,0.5034748135176476
2026-04-01,PE,Solar,145327.0,172538.45099999997,50728.726,0.29401403400799053,0.18724291425543754
2026-04-01,PI,Eólica,1118487.5,1132390.2150000012,430597.45900000015,0.38025536894982764,0.01242992433979034
2026-04-01,PI,Solar,330542.5,301699.86399999977,114291.30399999993,0.37882451282775526,-0.08725847962062437
2026-04-01,RN,Eólica,1794923.5,1713431.442000002,845201.8700000069,0.4932802382880551,-0.045401410143662446
2026-04-01,RN,Solar,337356.0,327060.5140000002,111697.49999999974,0.3415193678806475,-0.030518164787345713
2026-05-01,BA,Eólica,4183757.0,3742653.11900001,1333630.6189999834,0.3563329479372945,-0.10543248114075215
2026-05-01,BA,Solar,398423.0,345899.75099999923,172823.535,0.4996347482192908,-0.13182785381366227
2026-05-01,CE,Eólica,211839.5,249053.74600000007,157579.1690000003,0.6327114991476588,0.17567189310775408
2026-05-01,CE,Solar,237588.5,311085.44000000047,104237.11999999969,0.33507553423265174,0.30934552808743043
2026-05-01,PB,Eólica,280994.0,271783.03699999966,72888.29299999982,0.26818558584287183,-0.03277992768528986
2026-05-01,PB,Solar,78600.5,74038.23000000007,24647.42400000001,0.33290131328098993,-0.05804377834746511
2026-05-01,PE,Eólica,145859.0,215943.638,59610.80599999996,0.2760479843356161,0.48049580759500615
2026-05-01,PE,Solar,151548.0,157204.95999999993,52881.667999999976,0.33638676540485746,0.03732784332356701
2026-05-01,PI,Eólica,1704045.0,1809643.8859999944,420212.64399999974,0.23220736811861395,0.06196954071048262
2026-05-01,PI,Solar,341710.0,335431.1260000004,124037.39199999999,0.3697849793462514,-0.018374861724853246
2026-05-01,RN,Eólica,2606842.0,2435430.031999955,905202.5140000032,0.37168077181698317,-0.06575464412497767
2026-05-01,RN,Solar,328541.0,297099.61,122381.85400000011,0.41192196112273627,-0.09570004961329032
2026-06-01,BA,Eólica,3774957.0,3566474.9409999885,1163767.400999997,0.3263074661261165,-0.055227664580023435
2026-06-01,BA,Solar,388438.5,355885.18500000035,158473.80499999964,0.44529475145193104,-0.08380558312319622
2026-06-01,CE,Eólica,318129.0,377471.41399999993,182481.23899999986,0.48343061813947025,0.18653569463959568
2026-06-01,CE,Solar,249337.5,368084.9900000007,96891.72900000004,0.2632319481432803,0.4762520278738685
2026-06-01,PB,Eólica,283561.5,291200.5289999998,78462.18500000003,0.26944382714359727,0.02693958453457118
2026-06-01,PB,Solar,72771.0,74426.5799999999,23468.00599999999,0.31531753843855276,0.022750546234075384
2026-06-01,PE,Eólica,134663.5,219819.5730000002,60429.61799999989,0.27490553809782825,0.6323619466299347
2026-06-01,PE,Solar,140053.5,159972.85900000023,46089.99600000004,0.28811134768804736,0.14222678476439524
2026-06-01,PI,Eólica,1807153.0,1800887.331999999,381906.40600000025,0.21206568518413035,-0.0034671486033562154
2026-06-01,PI,Solar,352009.0,353209.9449999991,113627.73300000008,0.3217002652629172,0.003411688337511472
2026-06-01,RN,Eólica,2864806.0,2608156.0609999956,1007278.7750000076,0.3862034139988563,-0.08958719682938546
2026-06-01,RN,Solar,314241.5,305329.8889999999,105930.92500000016,0.3469392575582412,-0.028359115521024728
2026-07-01,BA,Eólica,3886034.5,3820577.181000011,1089776.8290000025,0.2852387943946104,-0.016844245464107167
2026-07-01,BA,Solar,437138.5,385750.8410000008,157481.4330000004,0.40824650593568007,-0.11755464000539698
2026-07-01,CE,Eólica,480762.5,541033.5359999997,215005.4999999989,0.39739773173690845,0.1253655099971394
2026-07-01,CE,Solar,319503.5,351154.2570000001,117303.63500000033,0.3340515817810527,0.09906231700122252
2026-07-01,PB,Eólica,266882.5,289471.6729999999,76340.03100000005,0.26372193938299476,0.08464089252761006
2026-07-01,PB,Solar,65601.5,76876.586,23287.63000000001,0.30292227076785133,0.17187238096689855
2026-07-01,PE,Eólica,205086.5,237864.812,71981.19700000001,0.30261389397940885,0.15982676577931754
2026-07-01,PE,Solar,157728.5,179748.95899999977,60020.150999999976,0.3339109797014182,0.13960989294895831
2026-07-01,PI,Eólica,1788419.0,1849965.0530000008,366483.56700000016,0.19810296762400517,0.03441366536589064
2026-07-01,PI,Solar,346469.0,361053.4039999998,93807.0040000001,0.2598147613642223,0.042094398055813956
2026-07-01,RN,Eólica,3014891.0,2661420.841000005,1078158.6550000117,0.40510641473556025,-0.11724143891105678
2026-07-01,RN,Solar,292827.0,270788.1900000001,108364.52399999998,0.400181869083729,-0.07526221967236588
2026-08-01,BA,Eólica,4340798.0,4205684.935999972,1115068.0420000032,0.2651335178380111,-0.031126319169891847
2026-08-01,BA,Solar,427327.5,390318.7650000011,182350.84599999967,0.4671844204057142,-0.08660508626287539
2026-08-01,CE,Eólica,728951.0,743758.8029999991,226964.93300000124,0.30515932327055967,0.02031385237142022
2026-08-01,CE,Solar,328162.5,395235.7610000003,126997.30699999968,0.3213203852775852,0.2043903889079352
2026-08-01,PB,Eólica,267208.0,320615.2519999999,86372.55600000008,0.2693962793760046,0.1998714559444325
2026-08-01,PB,Solar,68473.5,91488.47699999991,33212.54099999999,0.3630243074217972,0.33611509562093234
2026-08-01,PE,Eólica,256988.5,287102.8770000002,79011.11299999987,0.2752013975812573,0.11718180774626184
2026-08-01,PE,Solar,166414.5,200057.88200000048,57552.897999999994,0.2876812321745956,0.20216616941432675
2026-08-01,PI,Eólica,1841330.5,1858713.5519999939,341742.5080000008,0.18385969566546848,0.009440484475760248
2026-08-01,PI,Solar,355039.0,385842.23899999936,111727.23499999974,0.28956714352883467,0.08676015592653022
2026-08-01,RN,Eólica,3352377.0,2940266.0450000037,1243858.9130000093,0.42304298113268446,-0.12293096957770452
2026-08-01,RN,Solar,310880.5,295001.5479999998,100004.642,0.3389970075682453,-0.05107734965686244
2026-09-01,BA,Eólica,3825735.5,3965091.9219999732,943853.1939999998,0.23804068419274496,0.03642604722672888
2026-09-01,BA,Solar,433734.0,461939.6519999994,151357.52100000015,0.32765648141415743,0.06502983856464889
2026-09-01,CE,Eólica,763760.5,755217.6060000018,233408.01800000004,0.3090606153056229,-0.011185304817410988
2026-09-01,CE,Solar,324384.0,392565.54400000046,120958.87999999973,0.30812403647936965,0.21018775278682197
2026-09-01,PB,Eólica,280239.5,292229.2079999997,59087.47000000006,0.2021956340517479,0.04278379029365843
2026-09-01,PB,Solar,65495.0,93429.51899999988,34920.10899999997,0.3737588438189435,0.4265137644094951
2026-09-01,PE,Eólica,265603.0,273694.3720000004,73298.47599999994,0.2678114111897041,0.030464158913869124
2026-09-01,PE,Solar,172657.5,202087.06399999984,62777.31000000001,0.31064487136098956,0.17045053936261
2026-09-01,PI,Eólica,1658430.0,1592351.6720000042,328002.2700000002,0.2059860744128382,-0.039843905380387346
2026-09-01,PI,Solar,342308.5,352517.456,111310.5380000002,0.315758939324696,0.029823846033621735
2026-09-01,RN,Eólica,3176420.5,2865751.779999996,1033746.8199999887,0.3607244797733285,-0.09780465779011435
2026-09-01,RN,Solar,320174.5,311173.9189999995,100504.96899999997,0.3229864807532283,-0.028111486080248337
