data,usinas,previsto_mwh,programado_mwh,restricao_mwh,restricao_pct,meias_horas_com_restricao_pct
2026-04-01,558,306724.5,306724.5,0.0,0.0,0.0
2026-04-02,558,337200.0,332990.0,4210.0,0.012485172004744959,0.004256272401433692
2026-04-03,560,317518.5,280073.5,37445.0,0.11793013635425967,0.12477678571428572
2026-04-04,560,411824.5,366593.5,45231.0,0.1098307652895833,0.09427083333333333
2026-04-05,560,378811.0,320169.5,58641.5,0.1548041107570794,0.12113095238095238
2026-04-06,560,405512.0,403708.5,1803.5,0.004447463946812918,0.0037574404761904763
2026-04-07,560,451039.5,429438.0,21601.5,0.04789270119357617,0.016555059523809524
2026-04-08,560,366590.5,366069.5,521.0,0.001421204313805186,9.300595238095238E-4
2026-04-09,560,283246.0,283246.0,0.0,0.0,0.0
2026-04-10,560,289754.5,289741.0,13.5,4.659116596981238E-5,2.9761904761904765E-4
2026-04-11,561,373047.5,365451.5,29378.5,0.0787527057546291,0.12102644087938205
2026-04-12,561,430455.5,356563.0,73892.5,0.1716611821663331,0.13313279857397503
2026-04-13,561,393218.5,393218.5,0.0,0.0,0.0
2026-04-14,561,430789.5,430789.5,0.0,0.0,0.0
2026-04-15,561,444925.5,444925.5,0.0,0.0,0.0
2026-04-16,561,402770.5,402770.5,0.0,0.0,0.0
2026-04-17,561,389620.5,389620.5,0.0,0.0,0.0
2026-04-18,561,369995.0,369995.0,0.0,0.0,0.0
2026-04-19,561,286433.0,257866.0,28567.0,0.09973362007869205,0.10561497326203209
2026-04-20,561,308845.0,304370.5,4474.5,0.014487849892340818,0.05982620320855615
2026-04-21,561,373932.5,315711.5,58221.0,0.15569922379038997,0.16521836007130125
2026-04-22,561,400613.0,393666.5,6946.5,0.017339676945081664,0.07204396910279263
2026-04-23,561,473664.5,425699.5,47965.0,0.10126365813777473,0.11107397504456328
2026-04-24,561,408209.0,385480.5,22728.5,0.055678586214414676,0.09562537136066548
2026-04-25,561,349481.5,343982.0,5499.5,0.01573616915344589,0.01771390374331551
2026-04-26,561,370805.5,321999.0,48806.5,0.1316229128208724,0.13907456922162806
2026-04-27,561,393038.5,391475.5,1563.0,0.003976709660758425,0.03197415329768271
2026-04-28,561,390660.0,384502.5,6157.5,0.015761787743818152,0.08099376114081996
2026-04-29,561,483999.0,467658.0,16341.0,0.03376246645137697,0.0887551990493167
2026-04-30,561,499199.5,466916.5,32283.0,0.06466953592701916,0.10334967320261437
2026-05-01,561,474103.0,405921.5,68181.5,0.14381157680925874,0.12581699346405228
2026-05-02,561,458660.5,420735.0,37925.5,0.08268752159821917,0.13287284610814024
2026-05-03,561,424403.0,346693.0,77710.0,0.18310426646371492,0.1315359477124183
2026-05-04,561,468713.5,455739.5,12974.0,0.027680022017714447,0.03524212715389186
2026-05-05,561,515339.0,470614.5,44724.5,0.08678656185540004,0.1021984551396316
2026-05-06,561,514937.0,476289.0,38648.0,0.07505384153789686,0.09878193701723113
2026-05-07,561,503552.0,466642.0,36910.0,0.07329928190137265,0.11237373737373738
2026-05-08,561,473303.0,469806.5,3496.5,0.007387445251773177,0.005793226381461676
2026-05-09,561,466477.5,457200.0,9277.5,0.01988841905558146,0.06766191325014854
2026-05-10,561,420012.0,323307.0,96705.0,0.23024342161652525,0.15964795008912655
2026-05-11,561,380620.0,380495.5,124.5,3.2709789291156537E-4,6.684491978609625E-4
2026-05-12,561,463005.5,433023.0,29982.5,0.06475625019573202,0.11233660130718955
2026-05-13,561,461723.5,443686.5,18037.0,0.03906450505551483,0.09763071895424837
2026-05-14,561,451574.5,425067.0,26507.5,0.05870017018232872,0.10260695187165775
2026-05-15,561,407112.5,401667.5,5445.0,0.013374681445546379,0.06847890671420083
2026-05-16,561,396755.0,374906.0,21849.0,0.05506924928482313,0.1140819964349376
2026-05-17,561,431359.5,361058.5,70301.0,0.1629754300067577,0.14338235294117646
2026-05-18,561,413806.5,411447.0,2359.5,0.00570194039967956,0.002636660724896019
2026-05-19,561,447026.5,438517.5,8509.0,0.019034665730107724,0.055369875222816396
2026-05-20,561,482936.0,462442.0,20494.0,0.04243626484668776,0.05763517528223411
2026-05-21,561,469301.5,449946.5,19355.0,0.04124214390961887,0.03442513368983957
2026-05-22,561,508026.5,461712.5,46314.0,0.09116453570827505,0.03650475341651812
2026-05-23,561,512162.0,425796.5,86365.5,0.16862926183512247,0.16458704693998813
2026-05-24,561,475594.0,388213.0,87381.0,0.18373024049924935,0.1528149138443256
2026-05-25,561,464580.0,441387.5,23192.5,0.0499214344138792,0.03758169934640523
2026-05-26,561,477686.0,451491.5,26281.5,0.055018359340654736,0.0374331550802139
2026-05-27,561,464486.0,446331.5,18154.5,0.039085139272227794,0.024138443256090315
2026-05-28,561,474188.0,456403.0,17785.0,0.03750622116122719,0.04497177658942365
2026-05-29,561,466945.0,457000.0,9945.0,0.021298011543115357,0.009989601901366607
2026-05-30,561,504450.5,429204.5,75246.0,0.14916428866657877,0.16473559120617945
2026-05-31,561,452307.0,351715.5,100591.5,0.22239651387221512,0.1424539512774807
2026-06-01,561,445277.5,441073.0,4204.5,0.009442426352106272,0.049873737373737376
2026-06-02,561,462357.5,453547.5,8810.0,0.019054519500602888,0.06955585264408794
2026-06-03,561,488522.5,461567.0,26955.5,0.055177601850477716,0.08058526440879382
2026-06-04,561,512776.5,396691.0,116085.5,0.22638615459171785,0.16039067142008318
2026-06-05,561,522312.5,458474.5,63838.0,0.12222184994615293,0.1264111705288176
2026-06-06,561,475506.5,395553.0,79953.5,0.16814386343824952,0.15307486631016043
2026-06-07,561,446931.5,289948.5,156983.0,0.35124622005833106,0.1706402257872846
2026-06-08,561,482727.0,457508.5,25218.5,0.05224174326275514,0.09607100415923946
2026-06-09,561,476365.5,450601.0,25764.5,0.054085570848434655,0.10535502079619727
2026-06-10,561,432805.0,427825.5,4979.5,0.01150518131722138,0.002339572192513369
2026-06-11,561,433537.5,428831.0,4706.5,0.010856038981633653,0.0047905525846702315
2026-06-12,561,432732.5,424810.0,7922.5,0.018308077160832617,0.011512180629827689
2026-06-13,561,410326.5,404690.0,5636.5,0.013736621933996464,0.06684491978609626
2026-06-14,561,439287.5,371334.0,67953.5,0.15469026548672565,0.14371657754010694
2026-06-15,561,438507.0,434162.5,4344.5,0.009907481522529857,0.008169934640522876
2026-06-16,561,456978.0,443386.0,13592.0,0.02974322615093068,0.07690879382055853
2026-06-17,561,429338.0,427320.0,2018.0,0.0047002594692293715,0.001336898395721925
2026-06-18,562,466626.0,454430.5,12195.5,0.026135491807143193,0.03358540925266904
2026-06-19,562,518333.0,480237.0,38096.0,0.07349715337437517,0.05801453143534994
2026-06-20,562,404751.0,387331.0,17420.0,0.043038806574906545,0.08311091340450771
2026-06-21,562,410222.0,323983.5,86238.5,0.210223976286011,0.14898428232502967
2026-06-22,562,440307.0,424314.0,15993.0,0.036322384154692064,0.07436239620403322
2026-06-23,562,479085.5,457039.5,22046.0,0.04601683833052764,0.07929270462633452
2026-06-24,562,493698.5,455378.5,38320.0,0.07761822245763356,0.0850756227758007
2026-06-25,562,546024.5,479513.0,66511.5,0.12181046821159124,0.10309163701067615
2026-06-26,562,512982.0,472683.0,40299.0,0.07855831198755511,0.036736358244365365
2026-06-27,562,561960.0,470051.0,91909.0,0.16355078653284932,0.1436832740213523
2026-06-28,562,569746.0,424605.0,145141.0,0.2547468521060262,0.16447953736654805
2026-06-29,562,534320.5,440528.0,93792.5,0.17553603127710804,0.15180160142348753
2026-06-30,562,548904.0,508289.0,40615.0,0.07399290221969598,0.10335112692763938
2026-07-01,562,559737.0,497816.5,61920.5,0.11062427532930644,0.12177491103202848
2026-07-02,562,548645.5,493721.5,54924.0,0.10010835776471327,0.12144128113879003
2026-07-03,562,500522.5,467951.0,32571.5,0.06507499662852319,0.14690836298932383
2026-07-04,562,476672.5,408582.5,68090.0,0.1428444057502793,0.12514827995255043
2026-07-05,562,432998.5,335523.5,97475.0,0.22511625328956106,0.1515050415183867
2026-07-06,562,461994.0,445610.5,16383.5,0.035462581765131146,0.1083555753262159
2026-07-07,562,456484.5,432853.5,23631.0,0.05176736559510783,0.1132488137603796
2026-07-08,562,411756.0,396179.0,15577.0,0.03783065699103352,0.08492734282325029
2026-07-09,562,468679.0,428785.5,39893.5,0.08511902602847578,0.11369365361803084
2026-07-10,562,466712.5,444082.0,22630.5,0.048489166242601175,0.09842081850533808
2026-07-11,562,424798.0,370038.0,54760.0,0.12890832819363557,0.127150059311981
2026-07-12,562,419934.5,321018.5,98916.0,0.2355510204567617,0.14572212336892051
2026-07-13,562,354429.5,345503.0,8926.5,0.025185544656976918,0.06891310794780546
2026-07-14,562,402017.0,382421.0,19596.0,0.048744207334515705,0.10880041518386714
2026-07-15,562,591991.5,503706.5,88285.0,0.14913220882394426,0.16440539739027282
2026-07-16,563,618325.0,542387.0,75938.0,0.12281243682529414,0.1446121965660154
2026-07-17,563,621964.0,531945.5,90543.5,0.14557675363847425,0.15748963883955003
2026-07-18,563,561570.0,430348.0,131222.0,0.2336698897733141,0.2106275902901125
2026-07-19,563,568746.5,353492.5,215254.0,0.3784709004802667,0.23327412670219064
2026-07-20,563,526182.0,483952.5,42229.5,0.08025645118989247,0.15834073416222616
2026-07-21,563,504782.0,470745.5,34036.5,0.0674281174843794,0.11467584369449378
2026-07-22,563,510413.0,489245.0,21168.0,0.041472297923446304,0.10768206039076376
2026-07-23,563,477082.0,466678.5,10403.5,0.02180652382609279,0.08018798105387803
2026-07-24,563,475532.0,463094.0,12438.0,0.026155968473204748,0.09021610420367081
2026-07-25,563,497947.5,408057.0,89890.5,0.1805220429864594,0.14927471876850207
2026-07-26,563,519479.5,352081.0,167398.5,0.3222427449013869,0.19145944345766727
2026-07-27,563,525240.5,484023.5,41217.0,0.07847262349342825,0.119449378330373
2026-07-28,563,525660.0,488582.5,37077.5,0.07053513678042841,0.10309354647720545
2026-07-29,563,532044.0,493596.0,38448.0,0.07226469991203735,0.11778419182948491
2026-07-30,563,536365.5,507725.0,28640.5,0.053397356839692336,0.1111234458259325
2026-07-31,563,591224.5,522185.5,69039.0,0.11677290098769587,0.15179100059206632
2026-08-01,563,605658.5,439517.5,166141.0,0.2743146509130145,0.2098875074008289
2026-08-02,563,566624.0,387178.0,179446.0,0.31669325690404926,0.17802693901716993
2026-08-03,563,531498.5,488667.5,42831.0,0.08058536383451693,0.12063351095322676
2026-08-04,563,520373.0,487996.5,32376.5,0.06221787064278892,0.12311278863232682
2026-08-05,563,512289.5,480190.0,32099.5,0.06265890673144775,0.09698786264061575
2026-08-06,563,502350.0,480194.0,22156.0,0.04410470787299692,0.09191829484902309
2026-08-07,563,504410.5,492745.5,11665.0,0.023126005505436545,0.07204706927175844
2026-08-08,563,522940.5,439109.0,83831.5,0.1603079126592796,0.1610790408525755
2026-08-09,563,536540.5,358529.5,178011.0,0.3317755136844283,0.19815719360568385
2026-08-10,563,571477.5,504084.5,67393.0,0.11792765244475942,0.14520426287744229
2026-08-11,563,599819.0,524362.0,75457.0,0.12579961621755897,0.14420515097690942
2026-08-12,563,599696.5,520982.5,78714.0,0.13125639385922713,0.157896684428656
2026-08-13,597,568097.5,523370.0,44727.5,0.07873208384124204,0.12182439977666108
2026-08-14,597,538147.5,502115.0,36032.5,0.06695655001649176,0.11362367392518147
2026-08-15,597,606404.0,479873.0,126531.0,0.20865792442002362,0.1740996649916248
2026-08-16,597,647299.0,439958.5,207340.5,0.32031642254970266,0.17720547180346174
2026-08-17,597,644750.5,537232.0,107518.5,0.16675985516878233,0.15403405918481294
2026-08-18,597,587031.0,516358.5,70672.5,0.120389723881703,0.13595756560580682
2026-08-19,597,555128.0,506530.5,48597.5,0.08754287299505699,0.1228713009491904
2026-08-20,597,580225.5,518364.0,61861.5,0.10661630693583787,0.13557370184254605
2026-08-21,597,546465.0,549239.0,18114.5,0.03314850905364479,0.1224176437744277
2026-08-22,598,534962.5,423128.0,111834.5,0.2090511017127369,0.16729375696767002
2026-08-23,598,601188.5,365454.0,235734.5,0.3921141206127529,0.19237736900780378
2026-08-24,598,650059.5,531336.0,118723.5,0.18263482035106018,0.16039576365663322
2026-08-25,598,650187.0,546584.0,103603.0,0.15934338890196206,0.13820373467112598
2026-08-26,598,578216.5,533247.5,44969.0,0.07777190723543863,0.10893952062430323
2026-08-27,598,544478.0,513754.5,30723.5,0.05642744059447764,0.09841833890746934
2026-08-28,598,576046.5,526673.0,49373.5,0.08571096256986198,0.11277173913043478
2026-08-29,598,576375.0,466995.0,109380.0,0.189772283669486,0.15527452619843923
2026-08-30,598,584676.5,424652.0,160024.5,0.2736975062278029,0.16374024526198439
2026-08-31,598,577371.0,524721.5,52649.5,0.09118833471026429,0.10493311036789298
2026-09-01,599,521301.0,487055.5,34245.5,0.0656923735039833,0.11463550361713967
2026-09-02,599,483114.0,435875.5,47238.5,0.09777919911242482,0.12044379521424596
2026-09-03,601,562719.0,483902.5,78816.5,0.1400636907586202,0.13706322795341097
2026-09-04,601,530279.0,476281.5,53997.5,0.10182847142730525,0.13713255684969494
2026-09-05,601,531271.0,435009.5,96261.5,0.1811909552751797,0.15293954520244038
2026-09-06,601,488747.5,399080.0,89667.5,0.183463854035059,0.15751525235718247
2026-09-07,601,537078.5,428229.0,108849.5,0.2026696283690373,0.161016361619523
2026-09-08,601,650190.0,552580.5,97609.5,0.15012457896922438,0.15904048807542984
2026-09-09,627,619664.5,534246.5,85418.0,0.1378455599764066,0.16051967038809145
2026-09-10,628,605612.0,540312.0,65300.0,0.10782481192578747,0.12845010615711253
2026-09-11,628,600890.5,541863.0,59027.5,0.09823337197043389,0.12274416135881104
2026-09-12,628,540619.5,422200.5,118419.0,0.21904315327138588,0.14493763269639065
2026-09-13,628,544533.5,405592.0,138941.5,0.2551569370846789,0.16464304670912952
2026-09-14,628,592011.5,522445.5,69566.0,0.11750785246570379,0.15780918259023355
2026-09-15,628,577183.5,490078.5,87105.0,0.15091387747570748,0.14536889596602973
2026-09-16,628,571394.0,484225.5,87168.5,0.15255410452332366,0.1396297770700637
2026-09-17,628,674593.0,548586.0,126007.0,0.18678966428646607,0.1584726645435244
2026-09-18,628,676172.5,526868.0,149304.5,0.220808299657262,0.16762871549893843
2026-09-19,628,654891.0,479220.0,175671.0,0.26824463918423064,0.16603635881104034
2026-09-20,628,600229.0,417601.5,182627.5,0.30426303960655016,0.16862393842887474
2026-09-21,628,592063.5,507301.5,84762.0,0.14316369781281907,0.13040737791932058
2026-09-22,628,555462.5,500455.5,55007.0,0.09902918738888764,0.12101910828025478
2026-09-23,628,502080.5,475597.5,26483.0,0.05274652172311014,0.09441348195329087
2026-09-24,628,549580.5,500751.0,48829.5,0.08884867639954475,0.12768710191082802
2026-09-25,628,575190.0,501826.0,73364.0,0.12754741911368417,0.13926486199575372
2026-09-26,628,575698.5,436757.0,138941.5,0.24134421055465666,0.15694665605095542
2026-09-27,628,608478.5,417030.5,191448.0,0.3146339599509268,0.16742967091295116
2026-09-28,628,543779.5,487909.0,55870.5,0.10274477062853601,0.11839835456475584
2026-09-29,628,529004.0,503240.0,25764.0,0.048702845347105124,0.10565950106157113
2026-09-30,628,562953.5,538938.0,24015.5,0.0426598289201506,0.0991573779193206
2026-10-01,628,540454.0,531522.0,8932.0,0.01652684594803628,0.06631502123142251
2026-10-02,628,447348.5,447068.5,280.0,6.259102243552845E-4,8.293524416135881E-4
2026-10-03,628,532930.0,455224.5,77705.5,0.14580807986039443,0.12944532908704884
2026-10-04,628,613899.5,399141.5,214758.0,0.3498259894331238,0.17360005307855628
2026-10-05,628,583966.0,542126.0,41840.0,0.07164800690451156,0.10628980891719746
2026-10-07,628,626861.5,536804.0,90057.5,0.14366411081235647,0.1281183651804671
